key,name,description,gender,image,birthdate,deathdate
Q43763542,Billy Heung Ki Du,,M,,,
Q41919430,Cho Seung-tae,Seung-Hui Cho's father,M,,,
Q4713069,Daniel Bess,American actor,M,,19771008,
Q1174767,David Horvath,artist,M,http://commons.wikimedia.org/wiki/Special:FilePath/Uglydolls%2C%20David%20Horvath%2C%202012%2C%20Free%20Comic%20Book%20Day.jpg,19710528,
Q42418509,Go Woo-seok,,M,,19720101,20170821
Q8250391,Han Lifei,consort of Yongle Emperor,F,,,14240101
Q28663892,Han Sung-Chul,,M,,,
Q6153255,Janet Chow,Hong Kong actress,F,,19830825,
Q24159,Jessica Pegula,American tennis player,F,http://commons.wikimedia.org/wiki/Special:FilePath/Jessica%20Pegula%201%2C%202015%20Wimbledon%20Qualifying%20-%20Diliff.jpg,19940224,
Q6204475,Jo Tongdal,South Korean singer,M,,19450101,
Q489210,K,South Korean singer,M,,19831116,
Q12966411,Kim Eun-seo,South Korean actress,F,,19980829,
Q41919799,Kim Hyang-im,Seung-Hui Cho's mother,F,,,
Q24049012,Kim Pegula,American businesswoman,F,,19690101,
Q1092288,Kim Song-yong,North Korean footballer,M,http://commons.wikimedia.org/wiki/Special:FilePath/Kim%20Seng-Yong.jpg,19870226,
Q1741580,Kim Sun-min,South Korean children's book author and character designer,F,,19760608,
Q53679453,Kim Thaek-se,father of Kim yong-nam,M,,,
Q56612204,Lee Hye-kyung,Kim Jong-nam spouse,F,,,
Q6745643,Mami Kumagai,Japanese actress,F,,19600310,
Q11656104,Mari Sekine,Japanese talent,F,,19841022,
Q3332980,Mélodie Nakachian,,F,,19820104,
Q6958033,Nadya Hutagalung,Australian VJ,F,http://commons.wikimedia.org/wiki/Special:FilePath/Nadya%20Hutagalung.jpg,19740728,
Q16192929,Neal Shapiro,American television executive,M,,19580309,
Q11087790,Q11087790,,F,,,
Q11096031,Q11096031,,F,,18870101,19700101
Q11152192,Q11152192,,F,,15640101,15800101
Q11646457,Q11646457,North Korean association football player,M,,19551209,
Q14752447,Q14752447,,M,,,14240101
Q15924486,Q15924486,,F,,15000101,15750101
Q15928914,Q15928914,,F,,,
Q16603639,Q16603639,,F,,16900101,17350101
Q18653044,Q18653044,,F,,,
Q18668815,Q18668815,,F,,,
Q19854960,Q19854960,,F,,,
Q6381789,Terrence Pegula,American businessman,M,http://commons.wikimedia.org/wiki/Special:FilePath/Terry%20Pegula%202015.jpg,19510327,
Q9448583,가오쯔치,actor,M,,19810430,
Q56668984,강대균,"기업가, 대한전자재료 회장",M,,19410101,
Q444047,강량욱,North Korean politician,M,,19040101,19830101
Q709975,강반석,Korean activist,F,http://commons.wikimedia.org/wiki/Special:FilePath/Kang%20bansuk.jpg,18920421,19320731
Q6824264,강부자,대한민국의 배우,F,http://commons.wikimedia.org/wiki/Special:FilePath/KOCIS%20Reenactment%20of%20a%20royal%20wedding%20on%20Mar%205%2C%202012%20%286958319503%29.jpg,19410208,
Q17963959,강석현,,M,,19670207,
Q16177672,강세형,대한민국의 정치인,M,,18990621,19600701
Q7497224,강신성일,"South Korean actor, film director, producer, and former politician",M,,19370508,
Q2233555,강영섭,North Korean politician (1931-2012),M,,19311015,20120121
Q42155021,강주은,미스코리아,F,,19710101,
Q41520985,강한옥,,F,,19280101,
Q485387,강혜정,South Korean actress,F,http://commons.wikimedia.org/wiki/Special:FilePath/Kang%20Hye-jung%20from%20acrofan.jpg,19820104,
Q6362185,강효실,South Korean actress,F,,19320101,19961102
Q496842,견미리,South Korean actress and singer,F,http://commons.wikimedia.org/wiki/Special:FilePath/Kyeon%20Mi-Ri.jpg,19640919,
Q12583628,경명군,,M,,14890101,15260101
Q6798094,경빈 김씨,,F,,18320101,19070101
Q484610,경빈 박씨,,F,,,15330615
Q11090010,경빈 박씨 (장조),,F,,,17610101
Q16180284,경선공주,,F,,14000101,
Q12583773,경순공주,,F,,,
Q12583779,경안공주,,F,,,
Q16180324,경정공주,,F,,,
Q54868073,고경택,grandfather of Kim Jong-un,M,,19130814,19990101
Q56434163,고광석,구한말 학자 고정주의 자녀,F,,,
Q12584207,고명환,South Korean film actor and comedian,M,http://commons.wikimedia.org/wiki/Special:FilePath/Ko%20Myung-Hwan.jpg,19720418,
Q496356,고소영,South Korean actress,F,http://commons.wikimedia.org/wiki/Special:FilePath/Ko%20So-young%2C%202011%20%28cropped%29.jpg,19721006,
Q16630731,고영남,South Korean film director,M,,19350222,20030917
Q263732,고용희,mother of Kim Jong-un,F,http://commons.wikimedia.org/wiki/Special:FilePath/Ko%20young-hee.jpg,19520626,20040813
Q16177870,고윤,actor,M,,19880912,
Q43110888,고은채,,F,,19800828,
Q56434125,고정주,구한말 규장각의 학자,M,,,
Q6424117,고창석,South Korean actor,M,http://commons.wikimedia.org/wiki/Special:FilePath/Ko%20Chang-Seok.jpg,19701013,
Q488025,고현정,South Korean actress,F,http://commons.wikimedia.org/wiki/Special:FilePath/Ko%20Hyun-Jung3.jpg,19710302,
Q625389,공덕귀,South Korean First lady,F,http://commons.wikimedia.org/wiki/Special:FilePath/Kong%20Deok%20Kui%201928%27s.jpg,19110421,19971124
Q8512828,공빈 김씨,Korean noblewoman,F,,,
Q6799734,공신부인,consort of Xuande Emperor,F,,14100101,14830101
Q625340,공혜왕후,Korean royal consort,F,,14560101,14740101
Q16160132,곽방방,,F,,19800206,
Q12585205,광평대군,,M,,14250101,14440101
Q12585346,구광모,제4대 LG그룹 회장,M,,19780101,
Q56651633,구명진,기업가 구자학의 자녀,F,,19640101,
Q56664211,구문정,기업가 구자훈의 자녀,F,,19750101,
Q16177963,구본능,,M,,19490326,
Q1276156,구본무,South Korean business executive,M,http://commons.wikimedia.org/wiki/Special:FilePath/Koo%20Bon-Moo%20profile.jpg,19450210,20180520
Q16163145,구본준,South Korean businessman,M,http://commons.wikimedia.org/wiki/Special:FilePath/Koo%20Bon-Joon.jpg,19511224,
Q16163642,구인회,LG그룹의 창업주,M,http://commons.wikimedia.org/wiki/Special:FilePath/Koo%20In-Hwoi.jpg,19070827,19691231
Q12585524,구자경,대한민국의 기업인,M,,19250424,
Q56651635,구자학,"대한민국의 기업가, 아워홈 회장",M,,19300101,
Q56664062,구자훈,"기업가, LIG손해보험 회장",M,,19470101,
Q56663966,구철회,"기업가, 금성사 사장",M,,19090101,19750101
Q237673,구혜선,한국 배우,F,http://commons.wikimedia.org/wiki/Special:FilePath/Ku%20Hye-sun%20in%20May%202013.jpg,19841109,
Q20780124,국가비,,F,,19881008,
Q12585945,군부인 송씨,,F,,,
Q6450322,권갑용,South Korean Go player,M,,19571003,
Q483621,권상우,South Korean actor,M,http://commons.wikimedia.org/wiki/Special:FilePath/Kwon%20Sang-Woo%20from%20acrofan.jpg,19760805,
Q482738,권양숙,대한민국의 전 영부인,F,http://commons.wikimedia.org/wiki/Special:FilePath/KwonYangsook%20LauraBush.jpg,19471223,
Q18648106,권재희,대한민국 배우,F,,19620921,
Q169144,권현상,South Korean actor,M,http://commons.wikimedia.org/wiki/Special:FilePath/Kwon%20Hyun-Sang.jpg,19810702,
Q21824806,권효진,South Korean Go player,F,,19820327,
Q15941156,귀인 권씨,,F,,,
Q6839165,귀인 엄씨,Korean noblewoman,F,,,
Q6779816,귀인 이씨 (영보당),,F,,18430101,19281217
Q6699643,귀인 장씨,,F,,19000101,
Q6699528,귀인 정씨 (고종),,F,,18820101,19430101
Q6684451,귀인 정씨 (성종),,F,,,
Q6699576,귀인 조씨 (영조),,F,,17070101,17800101
Q17502365,귀인권씨,,F,,,
Q12586496,금성대군,,M,,,
Q12586567,금진호,South Korean politician,M,,19320101,
Q313083,기성용,South Korean association football player,M,http://commons.wikimedia.org/wiki/Special:FilePath/Ki%20Sung-Yueng.jpg,19890124,
Q483953,기태영,South Korean actor,M,,19781209,
Q433383,길영아,badminton player,F,,19700411,
Q8512836,김개시,concubine of Gwanghaegun,F,,,16230101
Q12586929,김경중,조선의 문신,M,http://commons.wikimedia.org/wiki/Special:FilePath/%EC%A7%80%EC%82%B0%20%EA%B9%80%EA%B2%BD%EC%A4%91.png,18630101,19450427
Q271067,김경희,daughter of Kim Il-sung,F,,19460530,
Q55727984,김교창,,M,,,
Q6408665,김구라,대한민국의 방송인,M,http://commons.wikimedia.org/wiki/Special:FilePath/Kim%20GuRa%20from%20acrofan.jpg,19701003,
Q1741525,김국태,정치인,M,,19240101,20131213
Q10855787,김규철,South Korean actor,M,,19600406,
Q485574,김근태,South Korean politician,M,http://commons.wikimedia.org/wiki/Special:FilePath/Kim%20Keun-Tae.jpg,19470214,20111230
Q12587068,김기중,조선의 문신,M,,18590101,19330101
Q56434316,김남,윤보선 대통령의 비서,M,,,
Q485078,김남주,South Korean actress,F,http://commons.wikimedia.org/wiki/Special:FilePath/Kim%20Nam-joo%20%28South%20Korean%20actress%2C%20born%201971%29.jpg,19710510,
Q45785,김대중,대한민국의 제15대 대통령,M,http://commons.wikimedia.org/wiki/Special:FilePath/Kim%20Dae-jung%20%28Cropped%29.png,19240106,20090818
Q16080186,김도창,"대한민국의 법조인, 정치인",M,,19221119,20050101
Q16093399,김동원,South Korean film actor,M,,19161114,20060513
Q7336146,김동조,대한민국의 정치인,M,,19180814,20041209
Q12587262,김동현 (1950년),South Korean film actor,M,,19500610,
Q12587265,김동현 (1998년),South Korean film actor,M,,19981110,
Q486374,김두한,"일제강점기 조선의 건달이자, 대한민국의 정치가이자, 예비역 대한민국 육군 상사",M,,19180515,19721121
Q840719,김만일,son of Kim Il-sung,M,,19440101,19470101
Q56433656,김명환,조선시대 관료,M,,,
Q484960,김무생,actor,M,,19430316,20050416
Q16080217,김무성,대한민국 정치인,M,,19510920,
Q493691,김무열,actor,M,http://commons.wikimedia.org/wiki/Special:FilePath/%EA%B9%80%EB%AC%B4%EC%97%B4%20Kim%20Mu-yeol%200m31s.png,19820522,
Q489290,김문수,대한민국의 배드민턴 선수,M,,19631229,
Q16080219,김문용,대한민국의 정치인,M,,19160623,19950207
Q12587372,김문희,대한민국 학교법인 용문학원 이사장,F,,19281013,
Q56651577,김미연,전 중앙정보부장 김재춘의 손녀,F,,19790101,
Q3196768,김미정,South Korean judoka,F,,19710329,
Q492284,김민,South Korean actress,F,,19730608,
Q56434988,김민영,한국외국어대학교 교수,M,,19580101,
Q16174683,김민정,대한민국의 방송사 KBS의 여자 아나운서,F,http://commons.wikimedia.org/wiki/Special:FilePath/2016%EB%85%84%206%EC%9B%94%2016%EC%9D%BC%20KBS%20%EC%95%84%EB%82%98%EC%9A%B4%EC%84%9C%20%EA%B9%80%EB%AF%BC%EC%A0%95%20%EC%A0%9C17%ED%9A%8C%20%EA%B0%95%EC%9B%90%EB%8F%84%20119%20%EC%86%8C%EB%B0%A9%EB%8F%99%EC%9A%94%20%EA%B2%BD%EC%97%B0%EB%8C%80%ED%9A%8C%20DSC02183.jpg,19871130,
Q12587423,김민지 (아나운서),,F,,19850814,
Q56606265,김백균,법조인 김도창의 자녀,M,,19570101,
Q56526044,김병건,전 동아일보 부사장,M,,,
Q16080234,김병관,,M,,19340724,20080225
Q56812422,김보경,대한민국의 언론인,F,,19390101,
Q16175060,김보애,South Korean film actor,F,,19390101,20171014
Q6408371,김보연,South Korean actress,F,,19571231,
Q17172288,김보옥,,F,,19520101,
Q10855821,김복동,대한민국의 정치인,M,,19330305,20000419
Q26701451,김복선,badminton player,F,,19600101,
Q10855822,김봉웅,"Korean-Japanese playwright, director and theater director",M,,19480424,20100710
Q12587534,김부겸,"대한민국의 정치인, 행정안전부 장관",M,http://commons.wikimedia.org/wiki/Special:FilePath/Kim%20Boo-kyum%20-%2020170119%20k.jpg,19561201,
Q56804778,김사순,조선후기 부농 김재희의 자녀,F,,19110101,
Q16080243,김사은,,F,,19850408,
Q15707513,김삼순,세균학자,F,,19090203,20011211
Q16094336,김상만,대한민국의 언론인,M,,19100119,19940126
Q56434331,김상석,인촌 김성수의 자녀,M,,,
Q56433792,김상준,"대한민국의 기업인, 삼양염업 명예회장",M,,,
Q626644,김상협,대한민국의 제16대 국무총리,M,,19200420,19950221
Q16175372,김상홍,대한민국의 기업인,M,,19231217,20100523
Q56435865,김석원,"기업인, 전 쌍용그룹회장",M,,19450101,
Q16080266,김선미,South Korean politician,F,,19610320,
Q56665177,김선협,기업가,M,,19690101,
Q705218,김설송,daughter of Kim Jong-il,F,,19741230,
Q22973139,김성래,South Korean Go player,M,,19631109,
Q208203,김성수,"교육자, 정치인, 언론인",M,http://commons.wikimedia.org/wiki/Special:FilePath/Kim%20Seong-Soo%201950.jpg,18911011,19550218
Q702565,김성애,the second wife of Kim Il-sung,F,,19280101,20140101
Q16181033,김성용,일제강점기 행정관료,M,http://commons.wikimedia.org/wiki/Special:FilePath/Kim%20Seong%20Yong.jpg,19180109,19990107
Q32059867,김성혜,"한세대학교 총장, 조용기 목사의 부인",F,,19420610,
Q16080288,김세환,,M,http://commons.wikimedia.org/wiki/Special:FilePath/Kim%20Se-Hwan.jpg,19480715,
Q464372,김소연,South Korean actress,F,http://commons.wikimedia.org/wiki/Special:FilePath/180212%20%EA%B9%80%EC%86%8C%EC%97%B0.png,19801102,
Q40531172,김소연,"South Korean manager, translator and interpreter",F,http://commons.wikimedia.org/wiki/Special:FilePath/Soyeon%20Kim%20Gerhard%20Schr%C3%B6der%208751.jpg,19690101,
Q17486965,김소현,1975년에 태어난 대한민국의 여성 배우,F,,19751111,
Q489067,김승우,South Korean actor,M,,19690224,
Q6409364,김승호,South Korean actor,M,,19170713,19681201
Q12587913,김승환 (탁구 선수),,M,,19790101,
Q16176230,김신재,South Korean actress,F,,19190101,19980331
Q484806,김안로,Korean politicians,M,,14810101,15370101
Q56812332,김여송,"대한민국의 언론인, 기업인",M,,19510101,
Q4330912,김여정,조선민주주의인민공화국의 지도자인 김정은의 여동생,F,http://commons.wikimedia.org/wiki/Special:FilePath/Kim%20Yo-jong%20at%20Blue%20House.jpg,19870926,
Q486180,김여진,South Korean actress and activist,F,http://commons.wikimedia.org/wiki/Special:FilePath/Kim%20Yeo-jin.jpg,19720624,
Q486180,김여진,South Korean actress and activist,F,http://commons.wikimedia.org/wiki/Special:FilePath/Kim%20Yeo-jin.jpg,19740624,
Q12587966,김연수,대한민국의 기업인,M,,18960825,19791204
Q1741601,김연자,대한민국의 배드민턴 선수,F,,19630515,
Q16080303,김연준,"교육자, 언론인",M,,19140220,20080107
Q18998869,김열,South Korean actress,F,,19890126,
Q110456,김영남,Chairman of the Presidium of the Supreme People's Assembly,M,http://commons.wikimedia.org/wiki/Special:FilePath/Kim%20Yong-nam%20in%20Moscow.jpg,19280204,
Q11647829,김영남,북한에 의해 납치 된 요코타 메구미의 남편 고하는 사람,M,,,
Q12588010,김영명,대한민국 정치학자,F,,19540619,
Q33082981,김영세,South Korean professor,M,,19621023,
Q714481,김영숙,"wife of Kim Jong-il, ruler of North Korea",F,,19470101,
Q56434915,김영숙,정치인 김동조의 자녀,F,,19470101,
Q56434882,김영애,모건스탠리 부사장,F,,,
Q56812299,김영자,상인 김정환의 자녀,F,,,
Q56434940,김영자,정치인 김동조의 자녀,F,,19500620,
Q1062006,김영주,North Korean politician and Kim il-sung young brother,M,,19200921,
Q12588105,김영한,교사,M,,19000101,19800101
Q56651591,김영혜,교육자 김원규의 자녀,F,,19510101,
Q56533687,김영호,"전경련 이사, 숭실대 이사",M,,19440101,
Q7849225,김예리,대한민국의 사업가,F,,19511227,
Q705212,김옥,Kim Jong-Il's personal secretary,F,http://commons.wikimedia.org/wiki/Special:FilePath/William%20Cohen%2C%20Jo%20Myong%20Rok%2C%20Kim%20Ok%20%28Pentagon%20in%20Washington%29.jpg,19640828,
Q625650,김옥숙,노태우 전 대통령의 배우자,F,,19350311,
Q12588156,김요협,조선말기의 문신,M,,18330101,19090101
Q1580046,김용건,South Korean actor,M,,19460508,
Q12588172,김용림,South Korean actress,F,,19400303,
Q625821,김용식,대한민국의 전 외교부 장관,M,http://commons.wikimedia.org/wiki/Special:FilePath/%EA%B9%80%EC%9A%A9%EC%8B%9D%28%EC%99%B8%EA%B5%90%EA%B4%80%29circa1974.png,19131111,19950331
Q12588209,김용주,일제 강점기와 대한민국의 기업인,M,,19050729,19850127
Q56813075,김우기,"대한민국의 의료인, 교수",M,,19420101,
Q485829,김우중,"기업가, 대우그룹 창업자",M,,19361217,
Q56651587,김원규,"대한민국의 교육자, 전 교육감",M,,19040101,19680101
Q56668943,김원만,"한학자, 장성향교의 전교",M,,,
Q27906365,김원호,badminton player,M,,19990602,
Q56812340,김유영,바이올리니스트,F,,,
Q16177593,김윤남,기업인 김신석의 자녀,F,,19240625,20130605
Q496572,김윤옥,First Lady of South Korea,F,http://commons.wikimedia.org/wiki/Special:FilePath/Korean%20Cuisine%20to%20the%20World%202009%20-%204342406373.jpg,19470326,
Q56813602,김은주,기업가 김종대의 자녀,F,,19550101,
Q4934381,김을동,South Korean politician and actress,F,http://commons.wikimedia.org/wiki/Special:FilePath/Kim%20Eul-Dong.jpg,19450905,
Q12588365,김응수 (배우),South Korean actor,M,,19610212,
Q16177950,김익기,대한민국의 국회의원,M,,19160219,19921001
Q41117,김일성,조선민주주의인민공화국의 초대 최고 지도자,M,http://commons.wikimedia.org/wiki/Special:FilePath/Kim%20Il%20Sung%20Portrait-2.jpg,19120415,19940708
Q16080365,김일우,대한민국의 남자 배우 (1953년-2004년),M,,19530524,20040613
Q12588486,김재열,기업인,M,http://commons.wikimedia.org/wiki/Special:FilePath/Kim%20Jae-Yeol%20from%20acrofan.jpg,19681014,
Q16080380,김재춘,"8-9대 국회의원, 3대 중앙정보부장",M,,19270604,20140102
Q55728317,김재호,대한민국의 언론인,M,,,
Q6408844,김재호 (판사),South Korean judge,M,,19630101,
Q56804679,김재희,조선 후기의 부농,M,,,
Q317824,김정남,North Korean politician,M,,19710510,20170213
Q15125241,김정민,South Korean singer and actor,M,http://commons.wikimedia.org/wiki/Special:FilePath/Kim%20Jung-Min%20%28born%201968%29%20from%20acrofan.jpg,19680823,
Q181993,김정숙,North Korean politician,F,,19300101,
Q56698591,김정숙,교사 김영한의 자녀,F,,19370101,
Q29881198,김정숙,"대한민국의 영부인으로, 문재인 대통령의 부인",F,http://commons.wikimedia.org/wiki/Special:FilePath/Kim%20Jung-sook%281954%29.jpg,19541115,
Q463949,김정숙,"조선의 독립운동가, 조선민주주의인민공화국의 정치인",F,http://commons.wikimedia.org/wiki/Special:FilePath/Kim%20Jeong%20Suk%201.jpg,19171224,19490922
Q56226,김정은,조선민주주의인민공화국의 국가원수,M,http://commons.wikimedia.org/wiki/Special:FilePath/Kim%20and%20Trump%20standing%20next%20to%20each%20other%20%28cropped%29.jpg,19840108,
Q10665,김정일,조선민주주의인민공화국의 국가 원수,M,http://commons.wikimedia.org/wiki/Special:FilePath/Kim%20Jong-il%20on%20August%2024%2C%202011.jpg,19410216,20111217
Q12588578,김정주,"Korean businessman who co-founded Korea's largest gaming company, Nexon",M,,19680222,
Q385795,김정철,son of Kim Jong-il,M,,19810925,
Q489934,김정화,South Korean actress,F,http://commons.wikimedia.org/wiki/Special:FilePath/Kim%20Jung-hwa%2C%202010%20%28cropped%29.jpg,19830909,
Q56812296,김정환,기업가 김종대의 아버지,M,,,
Q56812282,김종대,"대한민국의 기업인, 전 효성기계 회장",M,,19210302,20030216
Q12588656,김종량,전 한양대 총장,M,,19500904,
Q12588692,김종진 (가수),"South Korean singer, musician, composer and actor",M,http://commons.wikimedia.org/wiki/Special:FilePath/Spring%20Summer%20Autumn%20Winter.jpg,19621219,
Q246167,김종필,정치인,M,http://commons.wikimedia.org/wiki/Special:FilePath/Kim%20Jong-pil%201999.png,19260107,20180623
Q490001,김좌진,South Korean anarchist,M,http://commons.wikimedia.org/wiki/Special:FilePath/KimJwaJin.gif,18891216,19300124
Q14864448,김주애,김정은과 이설주의 딸,F,,20130219,
Q12966460,김주일,South Korean actress,F,,19760127,
Q28607727,김중수,badminton player,M,,19600417,
Q6408879,김지미,South Korean actress and film producer,F,,19400715,
Q18550343,김지수,,F,,,
Q12588811,김지연 (1978년),South Korean actress,F,http://commons.wikimedia.org/wiki/Special:FilePath/Kim%20Ji-Yeon.jpg,19780301,
Q6679200,김지영,South Korean actress,F,http://commons.wikimedia.org/wiki/Special:FilePath/Kim%20Ji-young%20%28actress%2C%20born%201974%29%20from%20acrofan.jpg,19740907,
Q56435884,김지용,전 용평리조트 상무,M,,,
Q7204311,김지호 (배우),South Korean actress,F,,19740722,
Q6408910,김진규,"South Korean actor, film director and producer",M,,19220406,19980618
Q12966451,김진근,South Korean actor,M,,19670101,
Q12588854,김진민 (연출자),,M,,19720101,
Q12588862,김진수 (배우),South Korean film actor,M,,19710220,
Q16179779,김진아,South Korean actor,M,,19631024,20140820
Q56533201,김창호,전 숭실대 이사장,M,,19350101,
Q22973181,김채영,South Korean Go player,F,,19960115,
Q495480,김책,North Korean general and politician,M,http://commons.wikimedia.org/wiki/Special:FilePath/Kim%20Chaek.jpg,19030814,19510131
Q56434241,김태령,일민미술관 관장,F,,,
Q11704505,김태용,South Korean film director and screenwriter,M,http://commons.wikimedia.org/wiki/Special:FilePath/Kim%20Tae-Yong.jpg,19691209,
Q12589044,김태욱 (가수),,M,,19690905,
Q28355519,김태호,South Korean politician,M,,19350303,20020710
Q56651569,김태호,전 충북대 교수,M,,19500101,
Q56660168,김태효,"교수, 관료",M,,19670101,
Q710805,김평일,North Korean diplomat,M,http://commons.wikimedia.org/wiki/Special:FilePath/Kim%20Pyong-il.jpg,19540810,
Q10855915,김한길,대한민국의 정치인,M,http://commons.wikimedia.org/wiki/Special:FilePath/Kim%20Han-Gil%20%28cropped%29.jpg,19530917,
Q1280778,김한솔,Korean student,M,,19950616,
Q56668947,김향식,한학자 김원만의 자녀,F,,,
Q16080674,김혁,South Korean actor,M,,19821221,
Q56533257,김형남,전 숭실대 총장,M,,19050101,19780101
Q56664951,김형신,정치인 김익기의 자녀,F,,19530101,
Q56664874,김형일,정치인 김익기의 자녀,F,,19460101,
Q6408801,김형주,South Korean judoka,M,,19760314,
Q489279,김형직,한국의 독립 운동가,M,http://commons.wikimedia.org/wiki/Special:FilePath/%E9%87%91%E4%BA%A8%E7%A8%B7%201.jpg,18940710,19260605
Q27824719,김혜정,badminton player,F,,19980103,
Q12589318,김호진 (배우),South Korean actor and television host,M,http://commons.wikimedia.org/wiki/Special:FilePath/LG%20Dios%20Built-In%20Cooking%20Class%20with%20Kim%20Ho-Jin.jpg,19700505,
Q12589320,김홍걸 (1963년),,M,,19631112,
Q12589329,김홍업,South Korean politician,M,,19500729,
Q12589333,김홍일 (1948년),South Korean politician,M,,19480121,
Q47529,김황식,South Korean lawyer and politician,M,http://commons.wikimedia.org/wiki/Special:FilePath/Kim%20Hwang%20Sik-1-1.jpg,19480809,
Q483661,김효진,South Korean actress,F,http://commons.wikimedia.org/wiki/Special:FilePath/Kim%20Hyo-jin%2C%202013%20%28cropped%29.jpg,19840210,
Q14626387,김희,son of  Kim Ahn-ro and husband of Princess Hyohye,M,,,15310101
Q15711594,김희라,South Korean actor,M,,19470323,
Q6956410,나경원,대한민국의 정치인,F,http://commons.wikimedia.org/wiki/Special:FilePath/Korea%20Special%20Olympics%20Na%20Kyung-Won%2010.jpg,19630101,
Q17304817,나봉한,South Korean film director,M,,19340415,
Q339595,나시모토노미야 모리마사,Japanese prince,M,http://commons.wikimedia.org/wiki/Special:FilePath/Morimasa%20Nashimotonomiya.jpg,18740309,19510101
Q339595,나시모토노미야 모리마사,Japanese prince,M,http://commons.wikimedia.org/wiki/Special:FilePath/Morimasa%20Nashimotonomiya.jpg,18740309,19510102
Q10855990,나시모토노미야 이쓰코,Japanese princess,F,http://commons.wikimedia.org/wiki/Special:FilePath/Nashimoto-no-miya-hi-Itsuko%201915-11-14.jpg,18820202,19760819
Q841146,나운규,Korean actor and director,M,http://commons.wikimedia.org/wiki/Special:FilePath/Na%20Woon-gyu.jpg,19021027,19370809
Q16183879,나혜국,,F,,19010101,19920101
Q12589753,남경민,South Korean film actor,F,,19871027,
Q6961101,남궁원,대한민국의 배우,M,http://commons.wikimedia.org/wiki/Special:FilePath/Namkoong%20Won%20at%2018th%20Puchon%20International%20Fantastic%20Film%20Festival%2C%20July%2017%2C%202014.jpg,19340801,
Q7253672,남성진,South Korean actor,M,,19701231,
Q6780884,남연군,ruler of Korea,M,,17880101,18360505
Q12590006,남일우,South Korean film actor,M,,19380525,
Q12590047,남진우 (시인),,M,,19600904,
Q14345,노무현,대한민국의 제16대 대통령,M,http://commons.wikimedia.org/wiki/Special:FilePath/Roh%20Moo-hyun%202004-10-26.jpg,19460901,20090523
Q16219820,노소영,South Korean art museum director,F,http://commons.wikimedia.org/wiki/Special:FilePath/2015.10.15.%20cc%20global%20summit%20%2822021446879%29.jpg,19610331,
Q12590406,노영심,,F,,19680215,
Q16160910,노유정,South Korean actress,F,,19641130,
Q12590443,노재헌,대한민국의 변호사,M,,19651103,
Q56812355,노정호,대한민국의 교수,M,,19630101,
Q242651,노태우,대한민국의 제13대 대통령,M,http://commons.wikimedia.org/wiki/Special:FilePath/Roh%20Tae-woo%20-%20cropped%2C%201989-Mar-13.jpg,19321204,
Q842800,다니 루미코,Japanese singer,F,,19790814,
Q483509,단경왕후,중종의 정비,F,,14870101,15570101
Q16166065,대도서관,"대한민국의 인터넷 방송인, 컨텐츠 크리에이터",M,http://commons.wikimedia.org/wiki/Special:FilePath/YouTube%20Creator%20panel%20discussion%20in%20Great%20Library%20%28Daedoseogwan%29.jpg,19781031,
Q257425,대한제국 고종,"조선의 제26대 국왕, 대한제국의 초대 황제",M,http://commons.wikimedia.org/wiki/Special:FilePath/Gojong%20of%20the%20Korean%20Empire%2001.jpg,18520908,19190121
Q334111,대한제국 순종,대한제국의 제2대 황제,M,http://commons.wikimedia.org/wiki/Special:FilePath/Sunjong%20of%20the%20Korean%20Empire.jpg,18740325,19260424
Q485604,덕혜옹주,대한제국의 마지막 황녀,F,http://commons.wikimedia.org/wiki/Special:FilePath/Princess%20dukhye%20around%201923.JPG,19120525,19890421
Q624541,덕흥대원군,son of king jungjong and father of king seonjo,M,,15300305,15590509
Q12593129,독고성,South Korean actor,M,,19290429,20040410
Q277225,독고영재,대한민국의 배우이다.,M,,19531213,
Q12593132,독고준,South Korean film actor,M,,19800529,
Q43762448,두순자,,F,,19411227,
Q433295,류미영,North Korean politician,F,,19210214,20161123
Q714658,리설주,wife of North Korean leader Kim Jong-un,F,http://commons.wikimedia.org/wiki/Special:FilePath/Ri%20Sol-ju%20%28April%2027%2C%202018%29.png,19800101,
Q241873,린다 박,American actress born in South Korea,F,http://commons.wikimedia.org/wiki/Special:FilePath/Linda%20Park%20%288734458654%29.jpg,19780709,
Q15934058,마쓰다이라 요시코,spouse of Prince Yi Geon,F,http://commons.wikimedia.org/wiki/Special:FilePath/Matsudaira%20Yoshiko.jpg,19111006,20060628
Q12595003,맹사성,,M,,13600828,14381022
Q21521682,맹희도,고려 후기의 문신,M,,,
Q6796230,메이비,"대한민국의 가수, 작사가",F,,19790910,
Q6860973,명빈 박씨,,F,,,17030101
Q483178,명성왕후,Queen Consort of King Hyeonjong of Joseon,F,,16420613,16840121
Q464503,명성황후,조선 고종의 왕비이자 추존황후,F,http://commons.wikimedia.org/wiki/Special:FilePath/Queen%20Min-oval%20portrait.jpg,18511019,18951008
Q50973131,명정강,South Korean drummer and actress,F,,19600101,20180323
Q12595546,무산군 (왕족),,M,,,
Q498707,무안대군,son of Taejo of Joseon,M,,13810101,13981014
Q56606145,문동표,전 조선일보 편집국장,M,,,
Q16081058,문병호,South Korean politician,M,,19591227,
Q296734,문선명,통일교의 창시자,M,http://commons.wikimedia.org/wiki/Special:FilePath/Rev.%20Sun%20Myung%20Moon%20speaks%2C%20Las%20Vegas%2C%20NV%2C%20USA%20on%20April%204%2C%202010.png,19200106,20120902
Q296734,문선명,통일교의 창시자,M,http://commons.wikimedia.org/wiki/Special:FilePath/Rev.%20Sun%20Myung%20Moon%20speaks%2C%20Las%20Vegas%2C%20NV%2C%20USA%20on%20April%204%2C%202010.png,19200225,20120902
Q484380,문성근,South Korean actor and politician,M,http://commons.wikimedia.org/wiki/Special:FilePath/Moon%20Seung%20Guen.jpg,19530528,
Q456182,문소리,South Korean actress,F,http://commons.wikimedia.org/wiki/Special:FilePath/Moon%20Sori.JPG,19740702,
Q56606151,문소영,호암 문일평의 자녀,F,,,
Q56651460,문영호,대한민국의 의료인,M,,19390101,
Q41520899,문용형,,M,,19200101,19780101
Q626438,문익환,"한국기독교장로회 목사, 통일운동가, 사회운동가이자 참여시인",M,http://commons.wikimedia.org/wiki/Special:FilePath/Yun%20dj%20%26%20Mun%20Ih%20%26%20Chang%20Jh.jpg,19180602,19940118
Q15411238,문일평,역사학자,M,,18880101,19390101
Q56651459,문재관,전 제일은행 이사,M,,,
Q21001,문재인,대한민국의 제19대 대통령,M,http://commons.wikimedia.org/wiki/Special:FilePath/Moon%20Jae-in%20May%202017.jpg,19530124,
Q12595795,문정숙,South Korean actress,F,,19270329,20000301
Q486286,문정왕후,Korean queen,F,,15020201,15660108
Q484065,문효세자,Crown prince of the Kingdom of Korea (Joseon),M,,17820907,17860511
Q488600,문희준,South Korean singer-songwriter,M,http://commons.wikimedia.org/wiki/Special:FilePath/%28%28TV10%29%20%EB%AC%B8%ED%9D%AC%EC%A4%80%EC%9D%B4%20%EB%B0%9D%ED%9E%8C%20%EC%86%8C%EC%9C%A8%EA%B3%BC%EC%9D%98%20%EA%B2%B0%ED%98%BC%20%EC%86%8C%EA%B0%90%20%28feat.%20%ED%81%AC%EB%A0%88%EC%9A%A9%ED%8C%9D%20%EB%B9%A0%EB%B9%A0%EB%B9%A0%29%201m14s.jpg,19780314,
Q47004960,민유숙,,F,,19650313,
Q11343022,민준호,South Korean actor,M,http://commons.wikimedia.org/wiki/Special:FilePath/Min%20Jun%20Ho.jpg,,
Q12596321,민지환,,M,,19370816,
Q12596347,민회빈 강씨,,F,,16110101,16460101
Q56668980,박강자,금호미술관장,F,,19410101,
Q56665039,박건배,"기업인, 전 해태그룹 회장",M,,,
Q56664506,박경애,금호그룹 창업주의 자녀,F,,19340101,
Q56698261,박계희,전 워커힐미술관장,F,,19350101,
Q7137742,박곡지,South Korean film editor,F,,19650228,
Q495000,박규리,south Korean singer,F,http://commons.wikimedia.org/wiki/Special:FilePath/Park%20Gyu-ri%20in%20August%202014%2002.jpg,19880521,
Q7848255,박근령,politician,F,,19540630,
Q6784089,박근형,actor,M,,19400607,
Q138048,박근혜,대한민국의 제18대 대통령,F,http://commons.wikimedia.org/wiki/Special:FilePath/Park%20Geun-hye%202013.jpg,19520202,
Q7137915,박노식,South Korean actor,M,,19300204,19950403
Q16181683,박덕남,,M,,19200101,20170224
Q56660416,박동복,"기업가, 금호전기 회장",M,,19060101,19890101
Q12596616,박두을,,F,,19071108,20000103
Q56435874,박문순,성곡미술관 관장,F,,,
Q624924,박미선,"South Korean comedienne, TV host and actress",F,,19670310,
Q56669053,박병구,"기업가, 모빌코리아윤활유 사장",M,,19360101,
Q16081587,박삼구,"기업가, 금호그룹 회장",M,,19450319,
Q56660390,박상구,"기업가, 삼양타이어 회장",M,,19230101,
Q16081621,박상아,,F,,19720620,
Q16174487,박상훈,South Korean cinematographer,M,,19690406,
Q12596724,박상훈 (1980년),,M,,19780110,
Q56812948,박선영,기업가 박용학의 자녀,F,,19490101,
Q6784157,박성빈,,M,http://commons.wikimedia.org/wiki/Special:FilePath/Seongbin%20Park.jpg,18710101,19380101
Q16081747,박성용,대한민국의 기업가,M,,19320217,20050523
Q626615,박성웅,South Korean actor,M,http://commons.wikimedia.org/wiki/Special:FilePath/%28%EC%97%AD%EB%A6%B0%29%20%EB%AC%B4%EB%8C%80%EC%9D%B8%EC%82%AC%20%EC%98%81%EC%83%81%20%28%EB%B0%95%EC%84%B1%EC%9B%85%29.jpg,19730109,
Q56660388,박성천,기업가 박상구의 아버지,M,,,
Q56669020,박세진,금호리조트 상무,F,,19780101,
Q56669012,박세창,"기업인, 금호석유화학 부사장",M,,19750101,
Q16081781,박세혁,South Korean baseball player,M,,19900109,
Q6430820,박소현,South Korean voice actress working in Japan,F,,19480210,
Q491397,박솔미,actress,F,,19780103,
Q13580246,박수진,South Korean actress,F,http://commons.wikimedia.org/wiki/Special:FilePath/Park%20Soo-jin%20at%20the%202014%20Seoul%20Fashion%20Week.JPG,19851127,
Q6783577,박시은,대한민국의 배우,F,,19800106,
Q56660382,박영숙,금호그룹 창업주 박인천의 아버지,M,,,
Q16081942,박영아,South Korean politician,F,,19600618,
Q7848947,박영옥,김종필의 부인,F,,19291030,20150221
Q56812818,박용학,대한민국의 기업인,M,,19150101,20140802
Q56668929,박은경,기업가 박정구의 자녀,F,,19720101,
Q16261543,박은태,South Korean actor,M,,19810614,
Q56665246,박은형,기업가 박정구의 자녀,F,,,
Q56668961,박은혜,기업가 박정구의 자녀,F,,19760101,
Q16068080,박인숙,South Korean voice actress,F,,19560214,20150616
Q492756,박인천,"기업가, 금호그룹 창업주",M,,19010705,19840616
Q16181706,박잎선,,F,http://commons.wikimedia.org/wiki/Special:FilePath/Park%20Ip-Sun%20from%20acrofan.jpg,19790405,
Q56663807,박재영,기업가 박성용의 자녀,M,,19700101,
Q12597050,박정구,금호그룹 회장,M,,19370810,20020713
Q7137845,박정은,South Korean Olympic basketball player,F,,19770114,
Q14356,박정희,"대한민국의 제5,6,7,8,9대 대통령",M,http://commons.wikimedia.org/wiki/Special:FilePath/Park%20Chung-hee%201963%27s.png,19170614,19791026
Q16079902,박종구,국무조정실 정책차장,M,,19580315,
Q24856218,박종찬,South Korean actor,M,,19920704,
Q24000291,박종혁,,M,,19981226,
Q56669038,박주형,금호석유화학 상무,F,,19800101,
Q56669033,박준경,금호석유화학 상무,M,,19780101,
Q12597152,박준규 (배우),South Korean actor,M,,19640627,
Q7848332,박지만,,M,,19581215,
Q16176070,박진섭,대한민국의 가수,M,,19520101,
Q16176116,박찬구,"기업가, 금호석유화학 회장",M,,19480813,
Q56668967,박철완,금호석유화학 상무보,M,,19780101,
Q12597257,박철우 (야구 선수),,M,,19640412,
Q56651402,박태원,"KAIST 이사장, 인하대 총장, 서울공대 교수",M,,19260101,
Q56664323,박현주,대상홀딩스 부회장,F,,19530101,
Q56669049,박형구,삼양타이어 회장,M,,19330101,
Q12597350,박화성,한국의 소설가,F,,19030416,19880130
Q12597350,박화성,한국의 소설가,F,,19040416,19880130
Q7137773,박흥식,South Korean film director born 1962,M,,19620101,
Q56531748,방계준,계초 방응모의 아버지,M,,,
Q12597529,방상훈,"대한민국의 기업인, 조선일보 대표이사",M,,19480206,
Q56533073,방선영,언론인 방재윤의 자녀,F,,,
Q56607373,방성훈,대한민국의 언론인,M,,19730101,
Q55730170,방용훈,대한민국의 기업가,M,,19540101,
Q12597562,방우영,조선일보 명예회장,M,,19280122,20160508
Q56606500,방윤미,언론인 방우영의 자녀,F,,19610101,
Q56531864,방응곤,조선일보 사주 방일영의 친조부,M,,,
Q12597567,방응모,"일제 강점기와 대한민국의 언론인, 정치인",M,,18830929,
Q6791544,방일영,,M,,19221126,20030808
Q12597571,방재선,방응모 기념사업회 이사장,M,,19440101,
Q56526297,방재윤,언론인,M,,,
Q12597573,방정오,TV조선 대표이사 전무,M,,19780101,
Q16177650,방준오,조선일보 부사장,M,,19740101,
Q56606172,방혜성,조선일보 명예회장 방우영의 자녀,F,,19600101,
Q56607372,방혜신,언론인 방우영의 자녀,F,,19650101,
Q56664584,배영환,"기업인, 삼화고속 회장",M,,19330101,
Q334504,배용준,South Korean actor and businessman,M,http://commons.wikimedia.org/wiki/Special:FilePath/Bae%20Yong%20Joon.jpg,19720829,
Q483798,백건우,pianist,M,http://commons.wikimedia.org/wiki/Special:FilePath/Kun-Woo%20Paik.jpg,19460310,
Q7847850,백남의,,F,,18720101,19490812
Q6747264,백도빈,South Korean actor,M,http://commons.wikimedia.org/wiki/Special:FilePath/Baek%20Do-bin%20from%20acrofan.jpg,19780321,
Q18013379,백서빈,,M,,19840907,
Q6747187,백설희,South Korean singer and actress,F,,19240129,20100505
Q13432221,백옥자,,F,http://commons.wikimedia.org/wiki/Special:FilePath/Paik%20Ok-ja%201974c.jpg,19510101,
Q483517,백윤식,South Korean actor,M,,19470316,
Q16082942,백종원,대한민국의 요리연구가,M,,19660904,
Q489575,백지영,South Korean singer,F,http://commons.wikimedia.org/wiki/Special:FilePath/Baek%20Ji-yeong%20from%20acrofan.jpg,19760325,
Q12598213,변중석,,F,,19210713,20070817
Q493090,별,대한민국의 가수,F,,19831022,
Q486074,보람,South Korean singer,F,http://commons.wikimedia.org/wiki/Special:FilePath/%ED%8B%B0%EC%95%84%EB%9D%BC%20%40%20Cyworld%20Dream%20Music%20Festival%20%EC%8B%B8%EC%9D%B4%EC%9B%94%EB%93%9C%20%EB%93%9C%EB%A6%BC%20%EB%AE%A4%EC%A7%81%20%ED%8E%98%EC%8A%A4%ED%8B%B0%EB%B2%8C%2016.jpg,19860322,
Q11591972,복녕군,,M,,16390101,16701127
Q6678012,삼축당 김씨,,F,,18900101,19700923
Q7738364,상계군,조선의 왕자,M,,,
Q11039371,상침 송씨,,F,,13960101,14630101
Q56606167,서성환,"기업가, 태평양그룹 창업주",M,,19230101,20030101
Q56606168,서영배,태평양개발 회장,M,,19560101,
Q368852,서태지,대한민국의 음악가,M,http://commons.wikimedia.org/wiki/Special:FilePath/Seo%20Taiji%20on%20October%2020%2C%202014%20%282%29.jpg,19720221,
Q7952260,서향희,South Korean lawyer,F,,19740630,
Q16181216,서현철,South Korean actor,M,,19650519,
Q23994986,석동현,,M,,19600710,
Q28698535,선두훈,,M,,19570924,
Q10822153,선우은숙,South Korean actress,F,,19591224,
Q490120,설경구,South Korean actor,M,http://commons.wikimedia.org/wiki/Special:FilePath/Seol%20Kyung-Goo.jpg,19680501,
Q18381120,설경동,"대한민국의 기업인, 대한전선 창업주",M,,19010101,19740120
Q56813047,설명옥,인송 설경동의 자녀,F,,,
Q56812411,설범,"대한민국의 기업인, 대한방직 회장",M,,19580101,
Q56813153,설영자,인송 설경동의 자녀,F,,,
Q56812371,설원량,"대한민국의 기업인, 전 대한전선 회장",M,,19420101,
Q56812378,설원봉,"대한민국의 기업가, 전 대한제당 대표",M,,19480101,
Q56812368,설원식,"대한민국의 기업가, 전 대한방직 회장",M,,19220101,
Q56812420,설원철,"대한민국의 기업인, 전 대한방직 고문",M,,19370101,
Q56812387,설윤석,"대한민국의 기업인, 전 대한전선 사장",M,,19810101,
Q56812740,설윤성,"대한민국의 기업가, 토터스자산운용 대표",M,,19840101,
Q56813013,설윤호,"대한민국의 기업가, 대한제당 부회장",M,,19750101,
Q12601920,성녕대군,,M,,,
Q494222,성민,"South Korean singer, actor",M,http://commons.wikimedia.org/wiki/Special:FilePath/Sungmin%202011.jpg,19860101,
Q269537,성지현,대한민국의 배드민턴 선수,F,http://commons.wikimedia.org/wiki/Special:FilePath/Total%20world%20champion%202015%20semi-final.jpg,19910729,
Q1656902,성한국,대한민국의 배드민턴 선수,M,http://commons.wikimedia.org/wiki/Special:FilePath/Sung%20Han-Gook.jpg,19631119,
Q625739,성혜랑,North korean defector,F,,19350101,
Q487289,성혜림,"North Korean actress, mistress of Kim Jong-il",F,http://commons.wikimedia.org/wiki/Special:FilePath/Song%20Hye%20Rim.jpg,19370124,20020518
Q12602380,션 (가수),제목 사항 없음,M,http://commons.wikimedia.org/wiki/Special:FilePath/Sean%20Noh%20%28%EC%85%98%29.jpg,19721010,
Q11251673,소 다케유키,"Japanese count, poet",M,http://commons.wikimedia.org/wiki/Special:FilePath/Takeyuki%20so%2C%201931.JPG,19080216,19850422
Q12602394,소 마사에,Japanese countess,F,,19320814,19550101
Q6711063,소유진,South Korean film actor,F,http://commons.wikimedia.org/wiki/Special:FilePath/%EC%B2%AD%EC%8B%AC%ED%99%98%20%ED%8E%98%EC%8A%A4%ED%8B%B0%EB%B2%8C%20-%20%EC%97%B0%EC%98%88%EC%9D%B8%20%EC%9D%91%EC%9B%90%20%EC%98%81%EC%83%81%20%EC%86%8C%EC%9C%A0%EC%A7%84%2015s.jpg,19810811,
Q16865202,소율,대한민국의 가수,F,http://commons.wikimedia.org/wiki/Special:FilePath/%2815.08.22%29%20CRAYON%20POP%20%ED%81%AC%EB%A0%88%EC%9A%A9%ED%8C%9D%20%EC%9D%98%EC%A0%95%EB%B6%80%20%EC%B0%A9%ED%95%9C%EC%BD%98%EC%84%9C%ED%8A%B8%20%28Soyul%29.jpg,19910515,
Q6711159,소이현,대한민국의 여배우,F,http://commons.wikimedia.org/wiki/Special:FilePath/So%20Yi-hyun%20from%20acrofan.jpg,19840828,
Q6788865,소헌왕후,,F,,13951012,14460419
Q483181,소현세자,Korean crown prince,M,,16120205,16450521
Q624060,소혜왕후,wife of Crown Prince Uigyeong of Joseon,F,,14371016,15040521
Q28699163,손경식,손문경,M,,19390915,
Q56434653,손명원,"기업인, 전 쌍용자동차 사장",M,,,
Q56433373,손복남,일제강점기 관료 손영기의 자녀,F,,,
Q16177475,손영기,일제 강점기와 대한민국의 관료,M,,,19760101
Q17238203,손영목,,M,,19660825,
Q16177510,손웅정,South Korean association football player,M,,19620610,
Q624726,손원일,South Korean admiral,M,http://commons.wikimedia.org/wiki/Special:FilePath/Sohn%20Won%20Yil%201948.png,19090505,19800215
Q12602742,손정도,"대한민국의 독립운동가, 감리교 목사",M,,18720101,19310101
Q56434662,손정희,전시기획자,F,,,
Q20091438,손준호 (뮤지컬 배우),South Korean actor,M,,19830328,
Q56434585,손진실,독립운동가 손정도의 자녀,F,,,
Q6822380,손태영,actress,F,http://commons.wikimedia.org/wiki/Special:FilePath/Son%20Tae-Young.jpg,19800819,
Q439722,손흥민,"토트넘 핫스퍼, 대한민국 축구 국가대표팀에서 뛰고 있는 공격수",M,http://commons.wikimedia.org/wiki/Special:FilePath/Team%20Korea%20Russia%20WorldCup%2002.png,19920708,
Q484400,송강호,대한민국의 배우,M,http://commons.wikimedia.org/wiki/Special:FilePath/Song%20Kang-Ho.jpg,19670117,
Q56803991,송광자,경운박물관 관장,F,,19440101,
Q56803895,송길자,전 재무장관 송인상의 자녀,F,,19420101,
Q6820869,송선미,대한민국의 배우,F,http://commons.wikimedia.org/wiki/Special:FilePath/Song%20Sun-Mi.jpg,19740913,
Q56804102,송원자,재무장관 송인상의 자녀,F,,19390101,
Q493026,송윤아,"South Korean model, singer and actress",F,http://commons.wikimedia.org/wiki/Special:FilePath/Song%20Yun-ah%20from%20acrofan.jpg,19730607,
Q56803925,송인상,대한민국의 전 재무장관,M,,19140101,
Q484840,송일국,South Korean actor,M,http://commons.wikimedia.org/wiki/Special:FilePath/Song%20Il%20Gook.jpg,19711001,
Q461374,송종국,South Korean footballer,M,http://commons.wikimedia.org/wiki/Special:FilePath/SongCG080413.jpg,19790220,
Q28700404,송준평,South Korean footballer,M,,19960729,
Q485517,송중기,대한민국 배우,M,http://commons.wikimedia.org/wiki/Special:FilePath/Song%20Joong-ki%20at%20Style%20Icon%20Asia%202016.jpg,19850919,
Q1080180,송혜교,대한민국의 여자 배우,F,http://commons.wikimedia.org/wiki/Special:FilePath/Song%20Hye-kyo%20in%202016%20KBS%20Drama%20Award.jpg,19811122,
Q11152201,숙공궁주 김씨,,F,,,
Q10904245,숙빈 임씨,,F,,,
Q484831,숙빈 최씨,royal consort,F,,16701217,17180409
Q16603532,숙용 전씨,,F,,,15060101
Q489402,숙원 이씨,,F,,,
Q6760559,숙의 나씨,,F,,,
Q12603385,숙의 문씨 (영조),,F,,,
Q16182120,숙의 이씨,,F,,,
Q20651852,숙의 지씨,,F,,,
Q6760589,숙의 홍씨 (성종),,F,,,
Q17028618,숙의김씨,,F,,,
Q22098599,숙의윤씨,,F,,,
Q491768,순원왕후,korean regent,F,,17890608,18570927
Q128454,순정효황후,대한제국의 마지막 황후,F,http://commons.wikimedia.org/wiki/Special:FilePath/Empress%20Sunjeong%20of%20the%20Korean%20Empire.jpg,18940820,19660203
Q7214248,순헌황귀비,,F,http://commons.wikimedia.org/wiki/Special:FilePath/Princess%20Consort%20Sunheon.JPG,18540202,19110720
Q168567,신격호,대한민국의 기업인,M,,19221004,
Q56805325,신기철,교수 신영수의 자녀,M,,19700101,
Q56803750,신덕균,"기업인, 전 동방유량 회장",M,,19090101,
Q12604162,신덕왕후,,F,,13560101,13960101
Q12604197,신동욱 (1967년),,M,,19680214,
Q56701923,신명수,"기업인, 신동방그룹 총수",M,,19410101,20140101
Q6798361,신빈 김씨,,F,,14060101,14640101
Q12604306,신빈 신씨,,F,,,
Q464485,신사임당,calligraphist and noted poet,F,http://commons.wikimedia.org/wiki/Special:FilePath/Shin%20Saimdang.jpg,15041029,15510517
Q495748,신상옥,South Korean film producer and director,M,,19261011,20060411
Q56803821,신성수,"기업가, 고려산업 회장",M,,19520101,
Q11074080,신수근,Korean Joseon Dynasty politician,M,,14500101,15060101
Q12604395,신숙공주,,F,,,
Q439435,신숙자,South Korean prisoner of North Korea,F,,19420101,20081123
Q20010831,신승리,,F,,19771130,
Q16160771,신승선,Korean Joseon Dynasty politician,M,,,
Q625870,신애라,Korean actress,F,,19690307,
Q56803806,신영수,교수,M,,19430101,
Q7218065,신은정,South Korean actress,F,,19740103,
Q6743293,신의왕후,,F,,,13911021
Q16631014,신정균,,M,,19630512,
Q56651606,신정숙,롯데그룹 신격호의 여동생,F,,19370101,
Q624353,신정왕후,politician,F,http://commons.wikimedia.org/wiki/Special:FilePath/Empress%20sin-jung-ik2.PNG,18090121,18900604
Q56701926,신정화,기업인 신명수의 자녀,F,,19690101,
Q56651602,신진수,롯데그룹 창업주 신격호의 아버지,M,,,
Q16084406,신형원,,F,http://commons.wikimedia.org/wiki/Special:FilePath/Shin%20Hyung-Won.jpg,19580215,
Q12604838,심규섭,South Korean politician,M,,19580927,20020127
Q489874,심은하,South Korean actress,F,,19720923,
Q7496795,심이영,South Korean actress,F,http://commons.wikimedia.org/wiki/Special:FilePath/Sim%20I-yeong%20from%20acrofan.jpg,19800131,
Q17314245,심종,,M,,,
Q11256848,아이하라 미카,Japanese actress,F,,19851214,
Q12605541,안경희,,F,,19390101,20010714
Q4749844,안병훈,South Korean golfer,M,http://commons.wikimedia.org/wiki/Special:FilePath/Byeong-hun%20An.JPG,19910917,
Q402179,안성기,대한민국의 남자 배우,M,http://commons.wikimedia.org/wiki/Special:FilePath/Ahn%20Sung%20ki%20at%20reception.jpg,19520101,
Q6783327,안양군,,M,,14800101,15050101
Q56433205,안영모,"금융인, 전 동화은행장",M,,,
Q56433211,안영주,금융인 안영모의 자녀,F,,,
Q485168,안재욱,"South Korean actor, singer",M,,19710912,
Q9006285,안재현,South Korean actor and model,M,http://commons.wikimedia.org/wiki/Special:FilePath/160415%20%EC%95%88%EC%9E%AC%ED%98%84.png,19870701,
Q402165,안재형,South Korean table tennis player,M,,19650108,
Q313968,안정환,대한민국의 전 축구 선수 및 현 해설가,M,http://commons.wikimedia.org/wiki/Special:FilePath/Ahn%20Jung-Hwan%20in%202009.JPG,19760127,
Q624197,안평대군,,M,,14181018,14531118
Q24866021,안흥군,,M,,,
Q56812605,양귀애,"대한민국의 기업가, 대한전선 명예회장",F,,19470101,
Q486251,양녕대군,Korean prince,M,,13940101,14620907
Q12606356,양재선,South Korean lyricist,F,,19750610,
Q12606380,양정모,"대한민국의 기업인, 전 국제그룹 회장",M,,19210913,20090329
Q56812546,양태진,"대한민국의 기업가, 국제그룹 창업주",M,,,
Q490938,양현석,"대한민국의 가수, YG 엔터테인먼트 대표이사",M,http://commons.wikimedia.org/wiki/Special:FilePath/161110%20%EC%96%91%ED%98%84%EC%84%9D.png,19691202,
Q15344562,양희경,South Korean actress,F,,19541203,
Q7880974,엄앵란,South Korean actress,F,,19360320,
Q496868,엄태웅,한국 배우,M,http://commons.wikimedia.org/wiki/Special:FilePath/%28%EC%BA%90%EC%B9%98%EB%AF%B8%29%20VIP%20%EC%8B%9C%EC%82%AC%ED%9A%8C%20%ED%98%84%EC%9E%A5%20%EA%B3%B5%EA%B0%9C%20%28%EC%97%84%ED%83%9C%EC%9B%85%29.jpg,19740405,
Q56236767,여서정,대한민국의 체조 선수,F,,20020220,
Q487876,여홍철,대한민국의 체조 선수,M,http://commons.wikimedia.org/wiki/Special:FilePath/%28TV%20TEN%29%202016%EB%85%84%20KBS%20%EB%A6%AC%EC%9A%B0%EC%98%AC%EB%A6%BC%ED%94%BD%20%EB%B0%A9%EC%86%A1%EB%8B%A8%20%EB%B0%9C%EB%8C%80%EC%8B%9D%20%EC%97%AC%ED%99%8D%EC%B2%A0%202m45s.jpg,19710528,
Q7214169,여흥부대부인,,F,,18180203,18900101
Q12972710,연규진,South Korean actor and film actor,M,,19451208,
Q491392,연정훈,South Korean actor,M,http://commons.wikimedia.org/wiki/Special:FilePath/Yeon%20Jeong-hun%20from%20acrofan%20-%20cropped%2001.jpg,19781106,
Q7241948,영빈 김씨,Royal Noble Consort,F,,,
Q626166,영빈 이씨,,F,,,17640823
Q17017074,영빈강씨,,F,,,
Q27951685,영수,4th son of Sukjong of Joseon,M,,16930101,16930101
Q12607473,영응대군,,M,,,
Q12607566,영해군,,M,,14350101,14770101
Q12607641,예수정,South Korean actress,F,,19550325,
Q3615940,오길남,South Korean economist,M,,19420101,
Q54981984,오소영,대한민국의 조각가,F,,19600101,
Q12607934,오숙근,wife of Kim Chwa-chin,F,,18870101,19580101
Q12608070,오지혜,,F,,19680903,
Q12608143,오현경 (1936년),South Korean actor (born 1936),M,,19361111,
Q6759050,온빈 한씨,,F,,,
Q12608382,완림군,,M,,,
Q12608395,완원군,,M,,,
Q7242942,완친왕,,M,,18680101,
Q434562,요코타 메구미,Kidnapped Japanese child,F,,19641005,19940313
Q6853912,원경왕후,Queen-Consort of Korea,F,,13650729,14200818
Q494856,원빈,"South Korean actor, model",M,http://commons.wikimedia.org/wiki/Special:FilePath/Won%20Bin%20from%20acrofan.jpg,19771110,
Q494856,원빈,"South Korean actor, model",M,http://commons.wikimedia.org/wiki/Special:FilePath/Won%20Bin.jpg,19771110,
Q492990,원종,조선의 왕자. 추존왕,M,http://commons.wikimedia.org/wiki/Special:FilePath/%EC%A1%B0%EC%84%A0%20%EC%9B%90%EC%A2%85%20%EC%96%B4%EC%A7%84.jpg,15800101,16190101
Q16167043,월산대군,,M,,,
Q21824996,웨량,Chinese Go player,M,,19820725,
Q56669030,위진영,기업가 위창남의 자녀,F,,19530101,
Q56669029,위창남,광주투자금융 사장,M,,19260101,
Q624135,유동근,South Korean actor,M,,19560618,
Q2600733,유상희,대한민국의 배드민턴 선수,F,,19640101,
Q17487449,유숙,,F,,19670101,
Q16169960,유은성,,M,,19770103,
Q495407,유준상,South Korean actor,M,,19691128,
Q489475,유지태,South Korean actor and director,M,http://commons.wikimedia.org/wiki/Special:FilePath/2000%EB%A6%AC%EB%B2%A0%EB%9D%BC%EB%A9%9403.jpg,19760413,
Q489952,유진,"South Korean singer, actress and MC",F,http://commons.wikimedia.org/wiki/Special:FilePath/2011%20Metrocity%20fashion%20show.jpg,19810303,
Q94187,유호정,South Korean actress,F,,19690124,
Q390099,육영수,대한민국의 대통령 부인,F,http://commons.wikimedia.org/wiki/Special:FilePath/%E5%B0%91%E5%B9%B4%E6%97%B6%E4%BB%A3%E7%9A%84%E9%99%86%E8%8B%B1%E4%BF%AE.jpg,19251129,19740815
Q12610202,윤노덕,일제 강점기의 기독교운동가,F,,19000919,19791023
Q11485240,윤다훈,한국의 배우,M,,19641230,
Q24861296,윤득실,조선 후기의 문신,M,,,
Q12610262,윤봉춘,South Korean film director,M,,19020323,19751021
Q17503946,윤삼륙,South Korean film director and screenwriter,M,,19370525,
Q485911,윤상현,South Korean actor and singer,M,http://commons.wikimedia.org/wiki/Special:FilePath/Shopaholic%20Louis%20Yoon%20Sanghyun.jpg,19730921,
Q56434339,윤성선,숙명여자대학교 교수,F,,,
Q12610322,윤세웅 (성우),South Korean voice actor,M,,19730318,
Q12610323,윤세인,actress,F,,19870118,
Q12610328,윤소정,South Korean actress,F,,19440722,20170616
Q56526162,윤순명,오당 윤영선의 자녀,F,,,
Q488038,윤승아,actress,F,http://commons.wikimedia.org/wiki/Special:FilePath/Yoon%20Seung-ah%20at%20OnStyle%20reality%20show%20Sold%20Out%20premiere%20%28from%20acrofan%29.jpg,19830929,
Q19599257,윤양하,South Korean actor,M,,19400501,
Q491013,윤여정,South Korean actress,F,http://commons.wikimedia.org/wiki/Special:FilePath/Yoon%20Yeo-Jung.jpg,19470619,
Q496634,윤영렬,대한제국과 일제강점기의 군인 겸 정치가,M,http://commons.wikimedia.org/wiki/Special:FilePath/%EC%9C%A4%EC%98%81%EB%A0%AC%20%26%20%ED%95%9C%EC%A7%84%EC%88%99%20%ED%9A%8C%ED%98%BC%EB%A1%80.jpg,18540415,19390101
Q482889,윤영선,South Korean politician,M,,18961225,19880206
Q482900,윤웅렬,조선 말기의 무신,M,http://commons.wikimedia.org/wiki/Special:FilePath/Yun%20Ung-ryeol%201880.jpg,18400101,19110101
Q12610403,윤일봉,South Korean actor,M,,19340301,
Q465263,윤정희,South Korean actress,F,,19440730,
Q54348,윤종신,대한민국의 음악가,M,http://commons.wikimedia.org/wiki/Special:FilePath/Yoon%20Jong-shin%20from%20acrofan.jpg,19691015,
Q12610447,윤준호 (영화 배우),South Korean actor,M,,19780321,
Q27306309,윤지수 (펜싱 선수),,F,http://commons.wikimedia.org/wiki/Special:FilePath/Yoon%20Ji-su%202014-15%20Orleans%20WC%20quals%20t174716.jpg,19930124,
Q6814638,윤지임 (1475년),,M,,14750101,15340526
Q24856176,윤지희,South Korean Go player,F,,19881102,
Q487020,윤진희,Korean weightlifter,F,,19860804,
Q12610476,윤취동,조선시대 후기의 문신,M,,17980718,18631221
Q12610478,윤치명,대한제국 말기의 관료 겸 교육자,M,,18851027,19440101
Q12610479,윤치병,,M,,18800101,19400101
Q8061180,윤치성,Korean politician and military general,M,,18750101,19360811
Q12610481,윤치소,,M,,18710825,19440220
Q470047,윤치영,대한민국의 정치인,M,http://commons.wikimedia.org/wiki/Special:FilePath/Yun%20Chi-young%201964.JPG,18980210,19960209
Q3565110,윤치오,Japanese educator,M,http://commons.wikimedia.org/wiki/Special:FilePath/%EC%9D%B4%EC%88%99%EA%B2%BD.png,18690805,19501222
Q496310,윤치왕,"일제 강점기의 의사, 독립운동가",M,http://commons.wikimedia.org/wiki/Special:FilePath/Yun%20Chi-wang%2C%20severance%20college%27s%20yearbooks%201929.png,18950217,19821221
Q493891,윤치창,일제강점기의 기업가,M,http://commons.wikimedia.org/wiki/Special:FilePath/Yun%20Chi-chang.jpg,18990101,19730101
Q192111,윤치호,"한국의 독립운동가이자 친일파, 계몽 사상가, 정치인",M,http://commons.wikimedia.org/wiki/Special:FilePath/Yun%20%D0%A1hiho.jpg,18641226,19451209
Q4857706,윤택영,,M,,18760101,19351024
Q12610509,윤학길,,M,,19610704,
Q16173139,윤혜진,South Korean dancer,F,,19800109,
Q56434552,윤활란,대한제국 군인 운영렬의 자녀,F,,18840309,19671206
Q22974658,윰댕,대한민국의 인터넷 방송인,F,http://commons.wikimedia.org/wiki/Special:FilePath/%EC%9C%B0%EB%8C%95%20%EC%9A%94%EB%A6%AC%20%EC%BB%A8%ED%85%90%EC%B8%A0%EB%A5%BC%20%EB%8C%80%ED%95%98%EB%8A%94%20%EB%8C%80%EB%8F%84%EC%84%9C%EA%B4%80%EB%8B%98%EC%9D%98%20%EC%9E%90%EC%84%B8%20%28a.k.a%EB%8C%80%EC%B0%A1%EC%B0%A1%29.jpg,19850101,
Q6454483,은신군,,M,,,
Q4798385,은언군,,M,,17540101,18010101
Q626312,은전군,,M,,17590814,17780826
Q484866,의민태자,대한제국의 황태자,M,http://commons.wikimedia.org/wiki/Special:FilePath/Crown%20Prince%20of%20Korea%20Yi%20Un%2004.jpg,18971020,19700501
Q484242,의빈 성씨,royal consort,F,,17530708,17860914
Q17500727,의빈권씨,,F,,,
Q12610754,의소세자,,M,,,
Q16174338,의숙공주,Princess of Joseon dynasty,F,,,
Q626461,의안대군,son of Taejo of Joseon,M,,13820101,
Q18228454,의원군,,M,,,
Q483392,의인왕후,Korean royal consort,F,,15550101,16000101
Q487728,의친왕,Korean prince,M,http://commons.wikimedia.org/wiki/Special:FilePath/Prince%20Imperial%20Ui.jpg,18770330,19550815
Q12610810,의평군,,M,,,
Q12610828,이갑 (황손),,M,,19380206,20141213
Q482917,이건,Korean prince and cavalry officer in the Imperial Japanese Army,M,http://commons.wikimedia.org/wiki/Special:FilePath/Prince%20Yi%20Geon%2001.jpg,19091028,19901221
Q494412,이건희,대한민국의 기업인,M,http://commons.wikimedia.org/wiki/Special:FilePath/Lee%20Kun-Hee.jpg,19420109,
Q56669002,이경렬,전 재무장관 이정환의 자녀,F,,19500101,
Q12610901,이경숙,대한민국의 정치인,F,,19530101,
Q56654997,이경아,전 검찰총장 이종남의 자녀,F,,19700101,
Q496421,이구,대한제국의 황족,M,http://commons.wikimedia.org/wiki/Special:FilePath/Yi%20Gu.jpg,19311229,20050716
Q12611009,이규광,"대한민국의 군인, 정치가",M,,19250611,20120920
Q12611012,이규동,"대한민국의 군인, 대한노인회 회장",M,,19111107,20010911
Q39040353,이규승,"간도특설대원, 대한민국의 군인",M,,19200101,20000101
Q6514303,이기백,South Korean historian,M,,19241021,20040602
Q496466,이나영,대한민국의 여자 배우,F,http://commons.wikimedia.org/wiki/Special:FilePath/Lee%20Na%20Young.jpg,19790222,
Q16090786,이다인,대한민국의 배우,F,,19921105,
Q485170,이덕화,actor,M,http://commons.wikimedia.org/wiki/Special:FilePath/Lee%20Duck-Hwa.2008.jpg,19520508,
Q56432969,이동욱,"기업가, 무림그룹 회장",M,,,
Q4991838,이동원,"대한민국의 정치인, 관료",M,http://commons.wikimedia.org/wiki/Special:FilePath/Lee%20Tong%20Won%201965-5-16.png,19260908,20061118
Q56432938,이동윤,"기업가, 세하 회장",M,,,
Q56429420,이동희,"의료인, 제일병원 설립자",M,,,
Q626273,이만희,South Korean film director,M,,19311006,19750413
Q12611345,이맹희,한국의 기업가,M,,19310620,20150814
Q14342,이명박,대한민국의 제17대 대통령,M,http://commons.wikimedia.org/wiki/Special:FilePath/Sebasti%C3%A1n%20Pi%C3%B1era%20-%20Lee%20Myung-bak%20%28cropped%29.jpg,19411219,
Q12611389,이명희,신세계그룹 회장,F,http://commons.wikimedia.org/wiki/Special:FilePath/%EC%9D%B4%EB%AA%85%ED%9D%AC%20%EC%8B%A0%EC%84%B8%EA%B3%84%EA%B7%B8%EB%A3%B9%20%ED%9A%8C%EC%9E%A5%20Lee%20Myung-Hee.png,19430905,
Q55733169,이명희,전 일우재단 이사장,F,,19490101,
Q56432955,이무일,"기업가, 무림제지 창업자",M,,,
Q12611404,이묵원,,M,,19380426,
Q56805419,이미경,기업가 이희상의 자녀,F,,19760101,
Q12611423,이미경,기업인,F,,19580408,
Q56432906,이미성,기업가 이용학의 자녀,F,,,
Q484399,이미연,South Korean actress,F,,19710923,
Q12611431,이미영 (배우),South Korean actress,F,,19610316,
Q12611449,이민자 (배우),South Korean actress,F,,19290410,19860119
Q496384,이민정,대한민국의 배우,F,http://commons.wikimedia.org/wiki/Special:FilePath/131024%20%27%EC%9D%91%EC%A7%95%EC%9E%90%27%20VIP%20%EC%8B%9C%EC%82%AC%ED%9A%8C%20%EC%9D%B4%EB%AF%BC%EC%A0%95%20%EC%A7%81%EC%B0%8D.jpg,19820216,
Q1312239,이반 부코비치,footballer,M,http://commons.wikimedia.org/wiki/Special:FilePath/Ivan%20Vukovic.jpg,19870209,
Q51029,이방자,대한제국의 마지막 황태자비,F,http://commons.wikimedia.org/wiki/Special:FilePath/Yi%20Bangja.jpg,19011104,19890430
Q56429344,이병각,삼강유지화학 창업주,M,,,
Q445643,이병철,삼성그룹의 창업주,M,http://commons.wikimedia.org/wiki/Special:FilePath/Lee%20Byung-chul%20%28crop%29.jpg,19100212,19871119
Q380121,이병헌,대한민국의 배우,M,http://commons.wikimedia.org/wiki/Special:FilePath/Byung-hun%20Lee%20%2829146030393%29.jpg,19700712,
Q56651436,이병호,"대한민국의 관료, 정치인",M,,19160101,
Q491807,이보영,South Korean actress and model,F,http://commons.wikimedia.org/wiki/Special:FilePath/Lee%20Bo-young%202017.jpg,19790112,
Q16090891,이봉서,대한민국의 전 상공부 장관,M,,19360224,
Q12611579,이봉원,South Korean comedian,M,,19630805,
Q56815966,이봉학,대한노인회장 이규동의 아버지,M,,,
Q56812316,이부식,"대한민국의 관료, 전 과기처 차관",M,,,
Q12611590,이부진,South Korean businesswoman,F,,19701006,
Q625487,이상득,Member of the National Assembly of Korea,M,,19351129,
Q56651414,이상실,전 상공은행장,M,,,
Q484328,이상우,South Korean actor,M,,19800213,
Q11266025,이상훈,South Korean Go player born 1973,M,,19731202,
Q12611701,이서현,기업인,F,,19730920,
Q489737,이석,Korean prince,M,,19410101,
Q18648443,이석준,South Korean actor,M,,19720805,
Q489681,이선균,대한민국의 남자 배우,M,http://commons.wikimedia.org/wiki/Special:FilePath/161026%20%EC%9D%B4%EC%84%A0%EA%B7%A0.jpg,19750302,
Q56606161,이선영,호암 문일평의 외손녀,F,,19370101,
Q12611762,이성군,,M,,14890101,15520101
Q12611818,이세창,South Korean singer and actor,M,,19720217,
Q16178678,이소선,,F,,19291230,20110903
Q56806003,이수연,이명박 전 대통령의 자녀,F,,19750101,
Q56651644,이숙희,기업가 이병철의 자녀,F,,19350101,
Q56651440,이숙희,이병호(李丙虎) 전 상공부장관의 자녀,F,,19490101,
Q11266137,이순자,대한민국의 11-12대 대통령 영부인,F,http://commons.wikimedia.org/wiki/Special:FilePath/Lee%20Soon-Ja%2001.jpg,19390324,
Q56663558,이순정,한국부인회 광주전남지부 이사장,F,,19100101,20100101
Q171684,이승만,"한국의 독립운동가, 계몽 사상가, 대한민국의 제1·2·3대 대통령",M,http://commons.wikimedia.org/wiki/Special:FilePath/Rhee%20Syng-Man%20in%201956.jpg,18750418,19650719
Q12611911,이승신,South Korean actress,F,,19691022,
Q15666746,이승철,South Korean actor,M,,19500101,
Q625471,이승환,대한민국의 가수,M,http://commons.wikimedia.org/wiki/Special:FilePath/Lee%20Seung-Hwan.jpg,19651213,
Q12611977,이아주,대한민국의 독립운동가,F,,18990101,19680911
Q56812321,이여진,기업가 이부식의 자녀,F,,,
Q56804639,이연희,정치인 이회창의 자녀,F,,19640101,
Q12612052,이영범,South Korean actor,M,,19611020,
Q12612075,이영은 (영화 감독),"South Korean actor, director",M,,19710324,
Q56606156,이영조,전 조선일보 이사,M,,,
Q12612098,이영하 (배우),actor,M,,19500117,
Q56651426,이영학,이상실 전 상공은행장의 자녀,F,,19370101,
Q12612110,이예춘,South Korean actor,M,,19190720,19771123
Q56432795,이용구,"기업가, 동아건설 회장",M,,,
Q56804500,이용균,조선후기의 한학자,M,,,
Q18605667,이용이,South Korean actress,F,,19580730,
Q16180342,이용휘,,M,,19620220,
Q51024,이우,"대한제국의 황족, 의친왕의 차남",M,http://commons.wikimedia.org/wiki/Special:FilePath/Prince%20Yi%20Wu%2001.jpg,19121115,19450807
Q19161954,이웅범,,M,,19570210,
Q487528,이원,Korean pretender,M,http://commons.wikimedia.org/wiki/Special:FilePath/Yiwon%2008JongmyoDaeje.jpg,19620923,
Q56805362,이유경,기업인 이희상의 자녀,F,,19720101,
Q6783126,이유비,South Korean actress,F,http://commons.wikimedia.org/wiki/Special:FilePath/180320%20%EC%9D%B4%EC%9C%A0%EB%B9%84.jpg,19901122,
Q11266502,이윤형,South Korean businesswoman,F,,19790426,20051118
Q56805128,이윤혜,기업가 이희상의 자녀,F,,19710101,
Q6781992,이은성 (1988년),South Korean actress,F,http://commons.wikimedia.org/wiki/Special:FilePath/Lee%20Eun-Sung.jpg,19880808,
Q16181084,이은영,,F,,19630901,
Q13646009,이은주,"대한민국의 여자 가수, 음악그룹 무가당의 전 구성원, 스위티의 전 구성원",F,,19810309,
Q12612345,이은혜 (정치인),,F,,19020421,19800823
Q14483063,이응경,South Korean actress,F,,19660203,
Q379653,이이,조선의 유학자,M,http://commons.wikimedia.org/wiki/Special:FilePath/Sitting%20Yi%20I.jpg,15361226,15840101
Q12612362,이이경,South Korean actor,M,,19890108,
Q3572265,이인성 (소설가),Korean writer,M,http://commons.wikimedia.org/wiki/Special:FilePath/%EC%9D%B4%EC%9D%B8%EC%84%B1.jpg,19531209,
Q56526235,이인수,수원대 총장,M,,,
Q56698231,이인환,"기업가, 에프투텔레콤 회장",M,,19520101,
Q16181530,이인희,한솔그룹 고문,F,,19290130,
Q12612430,이잠,"조선 문신, 외교관",M,,15810101,t306833865
Q56429488,이재곤,"기업가, 제일병원 이사장",M,,,
Q483892,이재룡,South Korean actor,M,,19640924,
Q624109,이재용,대한민국의 기업인,M,http://commons.wikimedia.org/wiki/Special:FilePath/Lee%20Jae-yong%20in%202016.jpg,19680623,
Q16181825,이재찬,,M,,19640101,20100818
Q55733398,이재철,전 교통부차관,M,,19230101,19991217
Q16091081,이재현,CJ 그룹 회장,M,,19600319,
Q56432799,이정남,기업가 이창래의 자녀,F,,,
Q213079,이정수,South Korean footballer,M,http://commons.wikimedia.org/wiki/Special:FilePath/Lee%20Jung-Soo.jpg,19800108,
Q56804332,이정연,정치인 이회창의 자녀,M,,19630101,
Q12612583,이정은,South Korean actress,F,,19730101,
Q56668998,이정환,"정치인, 전 재무부장관",M,,19190101,20080101
Q56655692,이정훈,교수,M,,19610101,
Q16091096,이종남,"전 검찰총장, 법무부장관",M,,19360930,
Q56526228,이종욱,수원대 설립자,M,,,
Q56526265,이주연,수원대 총장 이인수의 자녀,F,,,
Q56432926,이준석,"기업가, 세하 이사",M,,,
Q490170,이지아,actress,F,http://commons.wikimedia.org/wiki/Special:FilePath/Lee%20Ji-ah%20on%20October%2031%2C%202011.jpg,19780806,
Q56526069,이지원,정치인 이한동의 자녀,F,,,
Q16091160,이지현,,F,,19840824,
Q900563,이지호,American filmmaker,M,,19730101,
Q498210,이진,,M,http://commons.wikimedia.org/wiki/Special:FilePath/Yi%20Jin.JPG,19210818,19220511
Q12612827,이진우 (배우),South Korean actor,M,,19690123,
Q24861439,이진이,,F,,19990126,
Q19794930,이진익,,M,,,
Q56429175,이찬우,이병철의 아버지,M,,,
Q56432788,이창래,기업가,M,,,
Q12612881,이창희,기업인,M,,19330524,19910719
Q482860,이청,Korean noble,M,,19360423,
Q485308,이청아,South Korean actress and model,F,http://commons.wikimedia.org/wiki/Special:FilePath/Lee%20Chung-ah%20from%20acrofan.jpg,19841025,
Q56423006,이충우,이명박의 아버지,M,,,
Q483117,이충희,South Korean basketball player,M,,19591107,
Q196676,이태규,대한민국의 이론화학자이다.,M,,19020126,19921026
Q56651529,이태희,"대한민국의 법조인, 전 법무법인 광장 대표",M,,19400101,
Q16184350,이평,"조선 후기 문신, 학자 (1572~1612)",M,,15720101,16120101
Q56804206,이필석,대한민국의 기업인,M,,19140101,
Q18567207,이하얀,South Korean actress,F,,19730815,
Q16182619,이하원,대한민국 희극 배우,M,,19560924,20161125
Q6781249,이한동,South Korean politician,M,,19341205,
Q493442,이한영,North Korean defector,M,,19600402,19970215
Q56697977,이한용,"기업인, 전 신아포장 대표",M,,,
Q491750,이해원,Princess of Korea,F,,19190424,
Q9210578,이현재,South Korean actor,M,http://commons.wikimedia.org/wiki/Special:FilePath/Lee%20Hyun-Jae%20from%20acrofan.jpg,19880412,
Q56804266,이혜영,전 상공부장관 이봉서의 자녀,F,,19720101,
Q6781815,이혜영 (1962년),South Korean actress,F,,19621125,
Q12613186,이혜원,"대한민국의 모델, 기업인",F,http://commons.wikimedia.org/wiki/Special:FilePath/Lee%20Hye-Won.jpg,19790424,
Q16091294,이혜훈,South Korean politician,F,http://commons.wikimedia.org/wiki/Special:FilePath/%EC%9D%B4%ED%98%9C%ED%9B%88%EC%9D%98%EC%9B%90%20%ED%94%84%EB%A1%9C%ED%95%84%20%EC%82%AC%EC%A7%84.jpg,19640615,
Q8053456,이홍 (1974년),South Korean model,F,,19740101,
Q16091306,이홍규,일제강점기 법조인,M,,19050510,20021031
Q56429083,이홍석,조선시대의 유학자,M,,,
Q12613250,이황 (폐세자),,M,,,
Q496509,이회창,대한민국의 전 정치인.,M,http://commons.wikimedia.org/wiki/Special:FilePath/Lee%20Hoi-chang%20%282010%29.jpg,19350602,
Q12613263,이효린,"조선의 유학자, 의병장",M,,15400101,16220101
Q56805103,이희상,"대한민국의 기업가, 운산그룹 회장",M,,19470101,
Q11267083,이희호,전 대통령 영부인,F,http://commons.wikimedia.org/wiki/Special:FilePath/Leehiho2010.jpg,19220921,
Q12613319,익양군 (왕족),,M,,,
Q6381135,인경왕후,Korean royal consort,F,,16610101,16800101
Q12834850,인교진,Korean actor,M,http://commons.wikimedia.org/wiki/Special:FilePath/In%20Kyo-Jin%20from%20acrofan.jpg,19800829,
Q3565194,인렬왕후,Korean royal consort,F,,15940101,16350101
Q484044,인목왕후,조선 선조의 두 번째 정비,F,,15840101,16320101
Q6855022,인빈 김씨,,F,,,
Q6380322,인선왕후,Korean royal consort,F,,16180101,16740101
Q489944,인원왕후,Queen Consort of Korea,F,,16871103,17570513
Q2947463,인재근,"South Korean activist, politician",F,,19531111,
Q11175295,인평대군,,M,,,
Q5359433,인헌왕후,,F,,15780427,16260114
Q485599,인현왕후,Korean royal consort,F,,16670101,17010101
Q488312,임권택,South Korean film director,M,http://commons.wikimedia.org/wiki/Special:FilePath/Marie%20Claire%20Korea%20%EC%9E%84%EA%B6%8C%ED%83%9D%EA%B3%BC%2010%EC%9D%B8%EC%9D%98%20%EA%B0%90%EB%8F%85%EB%93%A4%20%EC%9E%84%EA%B6%8C%ED%83%9D.png,19360502,
Q23759211,임대홍,,M,,19200427,20160405
Q12613866,임세령,,F,,19770813,
Q56812390,임송본,전 한국은행 수석부총재,M,,19050101,19830101
Q17017107,임애영,,F,,,
Q12613893,임영대군,,M,,14190101,14690101
Q6776454,임지은,South Korean actress,F,,19730227,
Q19349718,임창욱,대상그룹 명예회장,M,,19490507,
Q12613979,임채무,South Korean actor,M,,19490902,
Q12613983,임채원,South Korean actress,F,,19720112,
Q56812396,임희숙,한국은행 부총재 임송본의 자녀,F,,19300101,
Q456828,자오즈민,table tennis player,F,,19631201,
Q483143,장경왕후,Korean royal consort,F,,14910101,15150101
Q56668908,장경호,"기업가, 동국제강 창업주",M,,18990101,19750101
Q494190,장나라,South Korean singer and actress,F,http://commons.wikimedia.org/wiki/Special:FilePath/Jang%20Na-ra%20in%20July%202017.jpg,19810318,
Q702588,장녹수,Consort of Yeonsangun of Joseon,F,,,15060101
Q468490,장동건,South Korean actor,M,http://commons.wikimedia.org/wiki/Special:FilePath/Jangdonggun%2001.jpg,19720307,
Q56668913,장상돈,"기업가, 한국철강 회장",M,,19370101,20170204
Q12614533,장성원,South Korean actor,M,,19760807,
Q496004,장성택,North Korean government official,M,,19460122,20131212
Q56668922,장세홍,"기업가, KISCO홀딩스 사장",M,,19660101,
Q16170590,장유,는 조선의 문신이다,M,,15870101,16380101
Q492998,장조,"조선의 왕세자, 추존왕 그리고 추존황제",M,,17350213,17620712
Q6153892,장준환,South Korean film director,M,,19700118,
Q12614774,장항선,South Korean actor,M,,19470222,
Q16068586,전계현,South Korean actress,F,,19360928,
Q493455,전노민,South Korean actor,M,http://commons.wikimedia.org/wiki/Special:FilePath/2017%20%EB%B6%80%EC%B2%9C%EA%B5%AD%EC%A0%9C%ED%8C%90%ED%83%80%EC%8A%A4%ED%8B%B1%EC%98%81%ED%99%94%EC%A0%9C%28BIFAN%29%20%EB%A0%88%EB%93%9C%EC%B9%B4%ED%8E%AB%20%2831%29.jpg,19660828,
Q14362,전두환,"대한민국의 제11,12대 대통령",M,http://commons.wikimedia.org/wiki/Special:FilePath/Chun%20Doo-hwan%201981-02-04.jpg,19310118,
Q368516,전미라,South Korean tennis player,F,,19780206,
Q4022738,전미선,South Korean actress,F,http://commons.wikimedia.org/wiki/Special:FilePath/Jeon%20Mi-Sun%20headshot.jpg,19721207,
Q12615206,전순옥,"South Korean politician, educator and activist",F,,19530101,
Q16091539,전영록,,M,,19540326,
Q624195,전인화,Korean actress,F,http://commons.wikimedia.org/wiki/Special:FilePath/Jeon%20In-Hwa.jpg,19651027,
Q12615271,전재국,,M,,19591027,
Q21060156,전재만,대한민국의 공무원,M,http://commons.wikimedia.org/wiki/Special:FilePath/2013%EB%85%84%20ARF%20DiReX62.jpg,19550101,
Q12615272,전재용,,M,,19640101,
Q17401428,전진영,,M,,19640125,
Q482694,전태일,대한민국의 노동운동가,M,,19480826,19701113
Q6853641,전혜진 (1976년),South Korean actress,F,http://commons.wikimedia.org/wiki/Special:FilePath/%28%ED%97%88%EC%82%BC%EA%B4%80%29%20%EC%83%88%ED%95%B4%20%EC%9D%B8%EC%82%AC%20%EC%98%81%EC%83%81%20%EC%A0%84%ED%98%9C%EC%A7%84.jpg,19760101,
Q56435719,정경희,기업가 정주영의 자녀,F,,19440101,
Q12615521,정대철,South Korean politician,M,,19440104,
Q56441616,정도원,삼표그룹 회장,M,,,
Q12615545,정두홍,South Korean actor,M,http://commons.wikimedia.org/wiki/Special:FilePath/Jung%20Doo-Hong%20from%20acrofan.jpg,19661214,
Q56441583,정명이,현대카드 브랜드부문장,F,,,
Q249469,정명희,badminton player,F,,19640127,
Q488446,정몽구,"기업가, 현대자동차그룹의 회장",M,http://commons.wikimedia.org/wiki/Special:FilePath/Chung%20Mong-Koo.jpg,19380319,
Q12615582,정몽근,"기업가, 현대백화점그룹의 명예회장",M,,19420411,
Q12615583,정몽우,"기업가, 전 현대알루미늄 대표",M,,19450224,19900424
Q16175491,정몽윤,"기업가, 현대해상화재보험의 회장",M,,19550318,
Q56651618,정몽익,"대한민국의 기업인, KCC 대표이사",M,,19620101,
Q490114,정몽준,"정치인, 기업가",M,http://commons.wikimedia.org/wiki/Special:FilePath/CMJhyundai.JPG,19511007,
Q12615586,정몽필,대한민국의 기업인,M,,19340101,19820424
Q624651,정몽헌,대한민국의 기업인,M,,19480914,20030804
Q56435674,정봉식,기업가 정주영의 아버지,M,,,
Q6666127,정빈 민씨,,F,,15670101,16260101
Q6666200,정빈 이씨,,F,,,
Q6700017,정빈 홍씨,,F,,15630101,16380101
Q5045600,정상영,"대한민국의 기업가, 전 KCC 회장",M,,19371207,
Q19941054,정상희,대한민국의 기업인이자 국회의원,M,,19070807,19810307
Q485466,정석원,South Korean actor,M,http://commons.wikimedia.org/wiki/Special:FilePath/%28%ED%95%B4%EB%AC%B4%29%20VIP%EC%8B%9C%EC%82%AC%20%ED%9B%84%EA%B8%B0%20%EC%98%81%EC%83%81%20%28%EC%A0%95%EC%84%9D%EC%9B%90%29.jpg,19850516,
Q12615719,정선공주,,F,,,
Q489693,정성왕후,Queen Consort of Korea,F,,16921207,17570215
Q56441577,정성이,이노션 고문,F,,,
Q12615745,정세영,,M,http://commons.wikimedia.org/wiki/Special:FilePath/%EA%B3%A0%EC%A0%95%EC%84%B8%EC%98%81%ED%9A%8C%EC%9E%A5%EB%8B%98.jpg,19280606,20050521
Q12615747,정소공주,,F,,,
Q290926,정소영,대한민국의 배드민턴 선수,F,,19670304,
Q16176271,정순공주,,F,,,
Q21825054,정순영,,M,,19221212,20051013
Q6312662,정순옥,South Korean volleyball player,F,,19550216,
Q625579,정순왕후,,F,,14400101,15210101
Q484974,정순왕후,Queen Consort of Joseon,F,,17451110,18050112
Q12615792,정시아,South Korean actress,F,,19810829,
Q10874903,정안왕후,Queen Consort of King Jeongjong of Joseon,F,,13550122,14120802
Q12615815,정애란,South Korean actress,F,,19270415,20051110
Q12615816,정애연,South Korean actress,F,,19821130,
Q56607368,정연욱,"대한민국의 기업가, 경남에너지 사장",M,,19620101,
Q16091679,정용진,신세계 부회장,M,http://commons.wikimedia.org/wiki/Special:FilePath/%EC%A0%95%EC%9A%A9%EC%A7%84-%EC%8B%A0%EC%84%B8%EA%B3%84%EA%B7%B8%EB%A3%B9-%EB%B6%80%ED%9A%8C%EC%9E%A5%20Chung%20Yong-jin.jpg,19680919,
Q19349740,정우식,대한민국의 배우,M,,19840101,
Q21710482,정유경,Korean businesswoman,F,http://commons.wikimedia.org/wiki/Special:FilePath/%EC%A0%95%EC%9C%A0%EA%B2%BD.png,19721005,
Q23994999,정유라,대한민국의 승마 선수이자 최순실의 딸,F,,19961030,
Q56435896,정유희,기업가 정몽필의 자녀,F,,19730101,
Q56441589,정윤이,해비치호텔앤드리조트 전무,F,,,
Q18605750,정윤회,South Korean businessman,M,,19550101,
Q56435849,정은희,기업가 정몽필의 자녀,F,,19710101,
Q12615920,정의공주,,F,,,
Q5116286,정의선,대한민국의 기업가,M,,19701018,
Q16262503,정인영,,M,,19200506,20060720
Q19941075,정재문,대한민국의 정치인,M,,19360101,
Q20444697,정재은,South Korean actress,F,,19690101,
Q12615983,정재은,기업인,M,,19380315,
Q468467,정주영,현대그룹의 창시자,M,http://commons.wikimedia.org/wiki/Special:FilePath/Chung%20Ju-yung.jpg,19151125,20010321
Q490130,정준호,South Korean actor,M,http://commons.wikimedia.org/wiki/Special:FilePath/Jung%20Joon-ho%20from%20acrofan.jpg,19701001,
Q56441613,정지선,기업가 정도원의 자녀,F,,,
Q16091780,정태영,현대카드 대표이사 부회장,M,,19600411,
Q489646,정현왕후,Korean royal consort,F,,14620101,15300101
Q491329,정혜영,South Korean actress,F,http://commons.wikimedia.org/wiki/Special:FilePath/Jung%20Hye-young.jpg,19731214,
Q12616175,정호준,South Korean politician,M,,19710219,
Q56435725,정희영,"기업가, 전 현대조선중공업 대표이사",F,,,
Q491773,정희왕후,Queen consort of Korea,F,,14181217,14830515
Q6648114,제안대군,,M,,,
Q56651484,조건호,전 리먼브라더스 부회장,M,,19520101,
Q483216,조경철,astronomer,M,,19290404,20100306
Q6204338,조관우,singer,M,http://commons.wikimedia.org/wiki/Special:FilePath/Cho%20Kwan-Woo.jpg,19650803,
Q16097986,조긍하,South Korean film director,M,,19190816,19820128
Q56433230,조나영,기업가 조동길의 자녀,F,,,
Q16091847,조남호,한진중공업의 회장,M,,19510101,
Q56651406,조도원,중헌거사(重軒居士) 조명희의 자녀,F,,19280101,
Q56433189,조동길,"기업가, 한솔그룹 회장",M,,19551130,
Q56432838,조동만,"기업가, 한솔아이글로브 회장",M,,,
Q12616637,조동익,,M,,19600306,
Q56432609,조동혁,한솔그룹 명예회장,M,,,
Q56651387,조명희,"기업가 조중훈의 아버지, 직물도매상",M,,18950101,19710101
Q24323646,조백상,"대한민국의 외교관, 전 주타이뻬이 한국대표ㆍ주선양 총영사.",M,http://commons.wikimedia.org/wiki/Special:FilePath/Cho%20Baek-sang%20%EC%A1%B0%EB%B0%B1%EC%83%81%20%28%E8%B3%B4%E5%B8%82%E9%95%B7%E8%87%B4%E8%B4%88%E8%87%BA%E5%8D%97%E5%9C%A8%E5%9C%B0%E4%BC%B4%E6%89%8B%E7%A6%AE%E7%B5%A6%E9%9F%93%E5%9C%8B%E4%BB%A3%E8%A1%A8%E8%B6%99%E7%99%BE%E7%9B%B8%29.jpg,,
Q24323646,조백상,"대한민국의 외교관, 전 주타이뻬이 한국대표ㆍ주선양 총영사.",M,http://commons.wikimedia.org/wiki/Special:FilePath/Cho%20Baek-sang%20%EC%A1%B0%EB%B0%B1%EC%83%81%20%28%E9%83%9D%E9%BE%8D%E6%96%8C%E5%91%BC%E7%B1%B2%E9%96%A3%E6%8F%86%E5%8F%AC%E9%96%8B%E5%85%A8%E5%9C%8B%E6%95%99%E8%82%B2%E6%9C%83%E8%AD%B0%20%E9%80%9A%E7%9B%A4%E6%AA%A2%E8%A8%8E12%E5%B9%B4%E5%9C%8B%E6%95%99%E7%BC%BA%E5%A4%B1%20481420151221%29.jpg,,
Q56432855,조범석,일제강점기의 금융인,M,,,
Q56651501,조병규,구한말 중추원 의관,M,,18510101,19090101
Q12616720,조석래,전 효성그룹 회장,M,,19351119,
Q484995,조선 경종,20th King of Joseon Dynasty in Korean history,M,,16881120,17241011
Q482874,조선 광해군,인조반정으로 폐위된 조선의 15대 임금,M,,15750425,16410807
Q485023,조선 단종,조선의 6대 임금,M,,14410801,14580102
Q492979,조선 덕종,조선의 추존왕,M,,14380101,14570101
Q483641,조선 명종,조선 13대 임금,M,,15340703,15670803
Q489514,조선 문조,Korean prince,M,http://commons.wikimedia.org/wiki/Special:FilePath/Crown%20Prince%20Hyomyeong%20of%20Joseon.jpg,18090101,18300101
Q483821,조선 문종,조선의 5대 임금,M,,14141003,14520514
Q484359,조선 선조,조선의 14대 임금,M,,15521126,16080316
Q484006,조선 성종,조선의 9대 임금,M,,14570820,14940120
Q334308,조선 세조,조선의 7대 임금,M,http://commons.wikimedia.org/wiki/Special:FilePath/Portrait%20King%20Sejo%20of%20Joseon.jpg,14170929,14680908
Q37682,조선 세종,조선의 4대 임금,M,http://commons.wikimedia.org/wiki/Special:FilePath/Sejong%20the%20Great%20Bronze%20statue%2002.JPG,13970515,14500408
Q485664,조선 숙종,19th King of Joseon Dynasty in Korean history,M,http://commons.wikimedia.org/wiki/Special:FilePath/Sukjong%20of%20Joseon.png,16610908,17200713
Q459964,조선 순조,23rd King of Joseon Dynasty in Korean history,M,http://commons.wikimedia.org/wiki/Special:FilePath/Illeung.jpg,17900101,18340101
Q470084,조선 연산군,조선의 10대 임금,M,,14761024,15061120
Q485009,조선 영조,조선의 21대 임금,M,http://commons.wikimedia.org/wiki/Special:FilePath/Korea-Yeongjo-King%20of%20Joseon-c1.jpg,16941031,17760422
Q488694,조선 예종,조선의 8대 임금,M,,14500221,14700109
Q484453,조선 인조,16th King of Joseon Dynaty in Korean history,M,http://commons.wikimedia.org/wiki/Special:FilePath/%EC%9D%B8%EC%A1%B0%EC%9D%98%20%ED%95%AD%EB%B3%B5.jpg,15951207,16490617
Q483631,조선 인종,조선 12대 임금,M,,15150310,15450808
Q26530,조선 정조,조선의 22대 임금,M,http://commons.wikimedia.org/wiki/Special:FilePath/King%20JeongJo%20of%20Joseon.jpg,17521028,18000818
Q485556,조선 정종,조선의 2대 임금,M,,13570701,14190926
Q483008,조선 중종,조선 11대 임금,M,,14880416,15441129
Q625890,조선 진종,"crown prince of Joseon, son of king Yeongjo of Joseon",M,,17190404,17281216
Q378483,조선 태조,조선의 초대 임금,M,http://commons.wikimedia.org/wiki/Special:FilePath/King%20Taejo%20Yi%2002.jpg,13351019,14080602
Q14304,조선 태종,조선의 3대 임금,M,http://commons.wikimedia.org/wiki/Special:FilePath/Taejong.JPG,13670518,14220510
Q484966,조선 헌종,24th King of Joseon Dynasty in Korean history,M,,18270908,18490725
Q484253,조선 현종,18th monarch of the Korean Joseon Dynasty,M,,16410315,16750917
Q12616843,조성모 (수영 선수),Olympic swimmer,M,,19850106,
Q626073,조성민,South Korean baseball player,M,,19730405,20130106
Q18648496,조수호,전 한진해운 회장,M,,19540621,20061126
Q12616878,조수훈,South Korean short track speed skater,M,,19890325,
Q21060511,조슈아 캐럿,,M,http://commons.wikimedia.org/wiki/Special:FilePath/YouTube%20FanFest%20Korea%202015%20in%20KoreanEnglishman%28Joshua%20Carrott%29%205.png,19890514,
Q494431,조승희,살인자,M,,19840118,20070416
Q56805535,조양래,"대한민국의 기업가, 한국타이어월드와이드 회장",M,,19370101,
Q626113,조양호,"대한민국의 기업가, 대한항공 회장",M,http://commons.wikimedia.org/wiki/Special:FilePath/Cho%20Yang-ho%20in%20the%202015-2016%20of%20Korea-France%20Bilateral%20Exchanges%20%28cropped%29.jpg,19490308,
Q56432700,조연주,한솔케미칼 부사장,F,,,
Q493135,조영남,South Korean singer,M,http://commons.wikimedia.org/wiki/Special:FilePath/Cho%20Youngnam.JPG,19450402,
Q6617014,조오련,South Korean swimmer,M,,19521005,20090804
Q482817,조용기,South Korean minister,M,,19360214,
Q56805596,조욱래,"대한민국의 기업가, 효성기계 회장",M,,19490101,
Q17964206,조운해,강북삼성병원 이사장,M,,19250805,
Q18648498,조원태,대한항공 사장,M,,19760125,
Q56813718,조윤경,기업가 조욱래의 자녀,F,,19780902,
Q56655703,조윤정,조중건 전 대한항공 부회장의 자녀,F,,19640101,
Q56432916,조은정,기업가 조동만의 자녀,F,,,
Q56651465,조인숙,기업가 조중열의 자녀,F,,19460101,
Q486241,조재현,대한민국의 배우,M,http://commons.wikimedia.org/wiki/Special:FilePath/%EC%84%B1%EC%9A%B0%20%EB%90%98%EB%8A%94%20%EB%B0%A9%EB%B2%95%20%EA%B6%81%EA%B8%88%ED%95%B4%20%EB%A9%94%EB%A5%B4%EC%8B%9C%20%EC%84%B1%EC%9A%B0%20%EC%9D%B4%ED%98%84%EC%A7%84%EC%B2%98%EB%9F%BC%20%EB%84%88%EB%8F%84%20%EC%84%B1%EC%9A%B0%EA%B0%80%20%EB%90%A0%20%EC%88%98%20%EC%9E%88%EC%96%B4%21%20%EC%84%B1%EC%9A%B0%EA%B3%BC%20%288%29.png,19650630,
Q12617034,조재훈,South Korean actor,M,,19500301,20070123
Q55092110,조정호,"대한민국의 기업인, 메리츠증권회장",M,,19580101,
Q56660170,조주연,조중건 전 대한항공 부회장의 자녀,F,,19670101,
Q56651409,조중건,"대한민국의 기업가, 전 대한항공 부회장",M,,19320101,
Q56651392,조중열,"대한민국의 기업가, 전 한일개발 회장",M,,19150101,
Q18648500,조중훈,"대한민국의 기업가, 한진그룹 창업주",M,,19200211,20021117
Q56651443,조지호,한양대 경영학 교수,M,,19480101,
Q56655008,조진호,교수,M,,,
Q16091951,조철권,,M,,19290322,20070802
Q16182997,조충현,대한민국의 방송사 KBS의 아나운서,M,,19821031,
Q12617149,조향기,South Korean actress,F,,19791124,
Q17504204,조현문,"대한민국의 법조인, 기업인",M,,19690307,
Q51954789,조현민,대한민국의 기업인,F,,19830831,
Q56805962,조현범,"대한민국의 기업인, 한국타이어 타이어부문 사장",M,,19720101,
Q56804986,조현상,"대한민국의 기업인, 효성 부사장",M,,19710101,
Q56651533,조현숙,한진그룹 창업주 조중훈의 자녀,F,,19450101,
Q56805915,조현식,"대한민국의 기업인, 한국타이어 지주부문 사장",M,,19700101,
Q18642273,조현아,vice-president of Korean Air,F,,19741005,
Q18567368,조현준,"대한민국의 기업인, 효성그룹 사장",M,,19680116,
Q28415860,조혜정,South Korean actor,F,,19921222,
Q493901,조혜정,South Korean volleyball player,F,,19530305,
Q12617166,조홍제,"대한민국의 기업가, 효성그룹 창업주",M,,19060520,19840116
Q56812348,조희경,기업가 조양래의 자녀,F,,,
Q16183018,조희준,,M,,,
Q12617277,좌백,대한민국의 작가,M,,,
Q491095,주상욱,South Korean actor,M,,19780718,
Q6305309,주주 장,American television journalist and news anchor,F,http://commons.wikimedia.org/wiki/Special:FilePath/Juju%20Chang.jpg,19650917,
Q16068617,주호성,South Korean actor,M,,19481022,
Q12617992,지상욱,South Korean politician,M,,19650516,
Q491763,지성,South Korean actor,M,http://commons.wikimedia.org/wiki/Special:FilePath/180212%20%EC%A7%80%EC%84%B1.png,19770227,
Q12618040,지윤,고려의 무신 (?~1377),M,,t1085590025,13770101
Q12618245,진산,대한민국의 작가,F,,,
Q22975015,진송아,South Korean actor,F,,19660101,
Q483467,진안대군,son of King Taejo of Joseon Korean state,M,,13540101,13930101
Q3786443,진태현,South Korean actor,M,,19810215,
Q16631360,진형태,,M,,19670708,
Q56813111,차동완,대한민국의 교수,M,,19470101,
Q6694102,차예련,South Korean actress,F,http://commons.wikimedia.org/wiki/Special:FilePath/%EC%A0%9C19%ED%9A%8C%20%EB%B6%80%EC%B2%9C%EA%B5%AD%EC%A0%9C%ED%8C%90%ED%83%80%EC%8A%A4%ED%8B%B1%EC%98%81%ED%99%94%EC%A0%9C%20%ED%8F%90%EB%A7%89%EC%8B%9D%20%EB%A0%88%EB%93%9C%EC%B9%B4%ED%8E%AB%2004.jpg,19850716,
Q6694102,차예련,South Korean actress,F,http://commons.wikimedia.org/wiki/Special:FilePath/Cha%20Ye-ryeon.jpg,19850716,
Q12618516,차용애,대한민국의 제15대 대통령인 김대중의 첫째 부인,F,,19270428,19590625
Q489036,차인표,Korean actor,M,,19671014,
Q56813237,차진영,교수 차동완의 자녀,F,,19770829,
Q12618537,차현우,South Korean actor,M,,19800209,
Q12618606,창녕대군,연산군의 차남,M,,,
Q484809,창빈 안씨,,F,,14990101,15490101
Q17401456,채령,South Korean actress,F,,19510115,
Q489462,채림,South Korean actress,F,http://commons.wikimedia.org/wiki/Special:FilePath/Chae-Rim%20retouched.jpg,19790328,
Q486151,채시라,South Korean actress,F,http://commons.wikimedia.org/wiki/Special:FilePath/Chae%20Shi-ra%2C%202012%20%28cropped%29.jpg,19680625,
Q31179301,천규덕,,M,,19320101,
Q16079960,천승세,,M,,19390223,
Q625534,천호진,South Korean actor,M,,19600909,
Q12619169,청선공주,,F,,,
Q16170466,청연공주,,F,,,
Q56607378,최강민,기업가 최창근의 자녀,F,,19790101,
Q56702008,최경원,기업가 최종관의 자녀,F,,19630101,
Q31179365,최경원,대한민국 51대 법무장관,M,,19460101,
Q12619482,최규성,South Korean politician,M,,19500204,
Q56804650,최기선,대한민국의 기업가,M,,19380101,
Q56607376,최기호,"대한민국의 기업가, 영풍그룹 창업주",M,,19080101,19800101
Q493995,최덕신,South Korean politician,M,,19140917,19891114
Q6811459,최란,대한민국의 배우,F,,19601130,
Q623856,최명길,South Korean actress,F,http://commons.wikimedia.org/wiki/Special:FilePath/Choi%20Myung-Gil.jpg,19621111,
Q56804661,최명석,대한민국의 법조인,M,,19620101,
Q5103939,최무룡,"South Korean actor, producer, and director",M,,19280225,19991111
Q491143,최민수,South Korean actor,M,http://commons.wikimedia.org/wiki/Special:FilePath/%EB%A6%AC%EB%B2%A0%EB%9D%BC%EB%A9%9402.jpg,19620501,
Q56669023,최성욱,변호사,M,,,
Q493021,최수종,대한민국 배우 (1962~),M,,19621228,
Q27514522,최순실,2016년 국정농단 사건의 주범 중 한 명,F,,19560623,
Q12619640,최승경,South Korean actor and comedian,M,,19711227,
Q18605825,최신원,"기업인, SKC 회장",M,,19521120,
Q56701967,최양분,상인 최학배의 자녀,F,,,
Q56702025,최예정,기업가 최종건의 자녀,F,,19620101,
Q11317852,최원영,South Korean actor,M,,19760110,
Q56697773,최윤원,"기업가, 전 SK 케미칼 회장",M,,19500101,20000831
Q56434903,최융호,"기업인, 제너럴 마리타임 사장",M,,19430101,
Q56651624,최은영,"대한민국의 기업가, 유수홀딩스 대표이사",F,,19620101,
Q56651616,최은정,기업가 최현열의 자녀,F,,19630101,
Q449397,최은희,South Korean actress,F,,19261120,20180416
Q12619791,최인규 (영화 감독),,M,http://commons.wikimedia.org/wiki/Special:FilePath/%EC%82%AC%EB%9E%91%EC%9D%98%EB%A7%B9%EC%84%9C%20%E6%84%9B%E3%81%AE%E8%AA%93.jpg,19111210,
Q625555,최재성,South Korean actor,M,,19641118,
Q31178662,최재원,"기업인, SK그룹 수석부회장",M,,19630101,
Q56702017,최정원,신우인더스트리 사내이사,F,,19550101,
Q16173248,최종건,"기업가, 선경그룹 창업주",M,http://commons.wikimedia.org/wiki/Special:FilePath/%EC%84%A0%EA%B2%BD%EB%8F%84%EC%84%9C%EA%B4%80%20%EC%B5%9C%EC%A2%85%EA%B1%B4%20%EB%8F%99%EC%83%81.jpg,19260109,19731115
Q56702004,최종관,전 SK그룹 부회장,M,,19340101,
Q56697812,최종분,상인 최학배의 자녀,F,,19320101,
Q56701982,최종욱,"기업가, SKM 회장",M,,19390101,
Q12619846,최종현,"기업인, 전 선경그룹 회장",M,,19291121,19980826
Q232285,최진실,South Korean actress,F,,19681224,20081002
Q56607377,최창근,"대한민국의 기업가, 고려아연 회장",M,,19470101,
Q18567542,최창원,,M,,19640827,
Q488742,최철한,South Korean Go player,M,,19850312,
Q16262161,최태민,대한민국의 기독교 전도사,M,,19120825,19940719
Q84040,최태원,기업인,M,,19601203,
Q56697751,최학배,"상인, 대성상회 대표",M,,19000101,19621002
Q56651613,최현열,"대한민국의 기업가, 전 NK그룹 회장",M,,19340101,
Q11629173,최현주,South Korean actress,F,,19800704,
Q19941294,추상록,,M,,19700801,
Q625291,추상미,Korean actress,F,http://commons.wikimedia.org/wiki/Special:FilePath/Chu%20Sang-Mi.jpg,19730509,
Q16174033,추송웅,South Korean actor,M,,19410904,19851229
Q484489,키메라,South Korean singer,F,http://commons.wikimedia.org/wiki/Special:FilePath/Kimera%201985.jpg,19540110,
Q18800,타블로,"대한민국의 힙합 그룹 에픽하이의 리더이자 한국계 캐나다인 래퍼, 보컬, 프로듀서.",M,http://commons.wikimedia.org/wiki/Special:FilePath/Tablo%20at%20MaptheSoul%20Concert%20SanFrancisco%202009.jpg,19800722,
Q625775,타이거 JK,대한민국의 음악인,M,http://commons.wikimedia.org/wiki/Special:FilePath/Tiger%20JK.jpg,19740729,
Q270687,탕웨이,Chinese actress,F,http://commons.wikimedia.org/wiki/Special:FilePath/Tang%20Wei2.jpg,19791007,
Q10941620,태병렬,North Korean general,M,,19160101,19970204
Q16179807,태형철,North Korean politician,M,,19530101,
Q12621807,평원대군,,M,,,
Q7237869,폐비 신씨,연산군의 왕비,F,,14761215,15370516
Q12621857,폐비 유씨,Korean noblewoman,F,,,
Q496613,폐비 윤씨,Korean queen,F,,14550715,14820825
Q56701974,표문수,전 SK텔레콤 사장,M,,19530101,
Q56701970,표현구,"학자, 전 서울대 농대 학장",M,,,
Q113840,프란체스카 도너,대한민국의 전 영부인,F,http://commons.wikimedia.org/wiki/Special:FilePath/Franziska%20Donner%20in%201933.png,19000615,19920319
Q490410,하정우,대한민국의 배우,M,http://commons.wikimedia.org/wiki/Special:FilePath/Ha%20Jung%20Woo%20promoting%20The%20Tunnel.png,19780311,
Q487979,하하,South Korean entertainer,M,http://commons.wikimedia.org/wiki/Special:FilePath/HaHa%2C%20Running%20Man%20Bros%20US%20Tour%202014%20press%20conference%2C%20Dallas%2C%20December%2014.jpg,19790820,
Q17172386,하호정,South Korean Go player,F,,19800305,
Q625766,하희라,South Korean actress,F,,19691029,
Q496439,한가인,South Korean actress,F,http://commons.wikimedia.org/wiki/Special:FilePath/Han%20Ga-in%20at%20the%20Secretly%2C%20Greatly%20premier01.jpg,19820202,
Q5646626,한강 (소설가),대한민국의 작가,F,http://commons.wikimedia.org/wiki/Special:FilePath/HanKang.jpg,19701127,
Q56433228,한경록,법조인 한상호의 자녀,M,,,
Q55735777,한대현,대한민국의 법조인,M,,19410101,
Q12623986,한말숙,Korean writer,F,,19311227,
Q5646649,한무숙,한국의 작가(소설가),F,,19181025,19930101
Q3703166,한상진,South Korean actor,M,,19771209,
Q55735805,한상호,법조인,M,,,
Q55735806,한성수,대한민국의 법조인,M,,19100101,19880506
Q12624116,한성주,,F,,19740923,
Q11663968,한승원 (소설가),South Korean writer,M,,19391013,
Q16875862,한승현,South Korean actor,M,,19821221,
Q56804591,한인옥,법조인 한성수의 자녀,F,,19380101,
Q483773,한재석,South Korean actor,M,,19730812,
Q486331,한정수,South Korean actor,M,,19731111,
Q12624327,한지승,South Korean film director,M,,19670128,
Q5646607,한지환,대한민국의 유도 선수,M,,19770805,
Q487293,한창화,South Korean footballer,M,,19221103,20060418
Q3548661,한태윤,South Korean actress and musician,F,,19831013,
Q497174,한학자,Wife of Sun Myung Moon and co-leader of the Unification Church,F,http://commons.wikimedia.org/wiki/Special:FilePath/Hak%20Ja%20Han.jpg,19430106,
Q262520,한혜진,South Korean actress,F,http://commons.wikimedia.org/wiki/Special:FilePath/Han%20Hye-Jin%20from%20acrofan.JPG,19811027,
Q484792,한확,Korean politician,M,,14000101,14560101
Q16173477,한효섭,South Korean politician,M,,,
Q16173860,함양옹주,,F,,,
Q21825414,함영준,,M,,19590302,
Q21825416,함태호,,M,,19300615,20160912
Q56668970,허경수,"기업가, 코스모그룹 회장",M,,,
Q56434961,허광수,"대한민국의 기업가, 삼양인터내셔널 회장",M,,19460101,
Q12624812,허기호,South Korean actor,M,,19520328,
Q4532603,허남식,"제33,34,35대 부산광역시장",M,,19490314,
Q12624816,허동수,"대한민국의 기업인, GS칼텍스 회장",M,,19430713,
Q56526082,허만정,대한민국의 독립운동가,M,,,
Q56526099,허신구,"기업가, GS리테일 명예회장",M,,,
Q12624868,허욱,South Korean actor,M,,19780324,
Q56526124,허유정,기업가 허광수의 자녀,F,,,
Q5731547,허장강,South Korean actor,M,,19250509,19750921
Q56668956,허재명,"기업가, 일진머티리얼즈 대표",M,,19710101,
Q16262220,허정구,대한민국의 기업가,M,,19110806,19990923
Q56668950,허정석,"기업가, 일진그룹 부회장",M,,19690101,
Q56526076,허준,"대한민국의 독립운동가, 기업가",M,,,
Q11286019,허준호,South Korean actor,M,,19640414,
Q56668974,허지연,기업가 허경수의 자녀,F,,,
Q12624909,허진규,"기업인, 일진그룹의 창업자",M,,19401210,
Q624392,허헌,politician,M,http://commons.wikimedia.org/wiki/Special:FilePath/%ED%97%88%ED%97%8C%EC%84%A0%EC%83%9D.jpg,18850101,19510801
Q484267,헌경왕후,Korean queen,F,,17350806,18160113
Q12624994,현기봉,일제 강점기의 관료,M,,18550101,19240101
Q624747,현덕왕후,Queen Consort of Munjong of Joseon and mother of Danjong of Joseon,F,,14180417,14410810
Q16177357,현영운,,M,,18680101,20000101
Q12625079,현영원,,M,,19270110,20061124
Q56421991,현영익,대한민국 국회 의사과장,M,,,
Q56422007,현영직,한국전쟁 당시 국군 중위,M,,,
Q11286457,현정은,,F,,19550126,
Q12625091,현준호,일제 강점기의 금융인,M,,18890829,19500928
Q6799467,혜빈 양씨,,F,,,14550101
Q16177903,혜은이,,F,,19560819,
Q311219,홍금보,Hong Kong actor,M,http://commons.wikimedia.org/wiki/Special:FilePath/SammoHung.jpg,19520107,
Q56805765,홍금식,대한민국의 법조인,M,,,
Q12625359,홍라희,"기업인, 전 삼성미술관 리움 관장",F,,19450715,
Q56805801,홍문자,법조인 홍금식의 자녀,F,,19410101,
Q6653890,홍봉한,,M,,,
Q56813876,홍석융,신라저축은행 전무,M,,,
Q16179644,홍석조,South Korean businessman,M,,19530108,
Q625257,홍석현,South Korean diplomat,M,,19491020,
Q16179683,홍성기,South Korean film director,M,,19241111,20010203
Q497270,홍성흔,South Korean baseball player,M,,19770228,
Q3724024,홍은희,South Korean actress,F,,19800217,
Q23939885,홍정도,,M,,19771111,
Q5894111,홍정욱,South Korean politician,M,,19700413,
Q56813786,홍준기,"대한민국의 기업인, 신라컨트리클럽 대표",M,,19270101,
Q12625503,홍진기,법조인,M,http://commons.wikimedia.org/wiki/Special:FilePath/%ED%99%8D%EC%A7%84%EA%B8%B0.png,19170317,19860713
Q18329053,홍화리,South Korean actress,F,,20050221,
Q12625557,화길옹주,,F,,,
Q12625582,화령옹주,,F,,,
Q12625634,화순옹주,,F,,17200101,17580101
Q20652176,화억옹주,,F,,,
Q488115,화완옹주,third daughter of King Yeongjo of Joseon,F,,17370101,18080101
Q12625669,화유옹주,,F,,,
Q10921480,화평옹주,,F,,,
Q493585,화협옹주,daughter of King Yeongjo of the Joseon dynasty in Korea,F,,17330101,17520101
Q625786,황병기,Korean musician,M,,19360531,20180131
Q12625854,황세옥,,F,,19740112,
Q624351,황신혜,Korean actress,F,,19630416,
Q2598021,황준묵,South Korean mathematician,M,http://commons.wikimedia.org/wiki/Special:FilePath/Hwang%20Jun-muk.jpg,19631027,
Q16183695,황해,South Korean actor,M,,19200306,20050209
Q483255,효령대군,son of King Taejong of Joseon Korean state,M,http://commons.wikimedia.org/wiki/Special:FilePath/Hyoreongdaegun.JPG,13960101,14860101
Q10944995,효빈 김씨,,F,,,14540101
Q484753,효정왕후,Korean royal consort,F,,18310101,19030101
Q483384,효현왕후,Korean royal consort,F,,18280101,18430101
Q6642702,효혜공주,daughter of King Jungjong,F,,15110613,15310506
Q5354230,훙톈밍,Hong Kong actor,M,,19740701,
Q12626130,휘신공주,,F,,,
Q469432,흥선대원군,"조선 말기의 왕족이자 정치가. 조선 고종의 아버지로, 파격적 개혁정치를 펼쳤다",M,http://commons.wikimedia.org/wiki/Special:FilePath/Heungseon%20Daewongun%20Portrait.jpg,18200101,18980101
Q12626222,흥완군,,M,,,
Q483010,흥친왕,Korean Joseon prince,M,http://commons.wikimedia.org/wiki/Special:FilePath/Heungchin%2002.jpg,18450730,19120909
Q485057,희빈 장씨,royal consort,F,,16591103,17011109
Q498166,희빈 홍씨,,F,,14940101,15810101
